,blockchain,category,contract_address,decimals,from,time,to,token,value
0,,in,0x98585dfc8d9e7d48f0b1ae47ce33332cf4237d96,,0x2796317b0ff8538f253012862c06787adfb8ceb6,2022-04-29 00:00:00.000 UTC,0x67f60b0891ebd842ebe55e4ccca1098d7aac1a55,,8400000000000000000000
1,,in,0x98585dfc8d9e7d48f0b1ae47ce33332cf4237d96,,0x2796317b0ff8538f253012862c06787adfb8ceb6,2023-06-29 00:00:00.000 UTC,0x67f60b0891ebd842ebe55e4ccca1098d7aac1a55,,76500000000000000000000
2,,in,0xcdbd4089c2f98da715e52127680f87afdb183a2e,,0x552cfe6b693997861bc3bf2b479ecaae4ff9d004,2022-10-05 00:00:00.000 UTC,0x67f60b0891ebd842ebe55e4ccca1098d7aac1a55,,258386000000000000000000
3,,in,0xa51a8578052edeb4ced5333a5e058860d9e7a35b,,0x7951c7ef839e26f63da87a42c9a87986507f1c07,2022-11-26 00:00:00.000 UTC,0x67f60b0891ebd842ebe55e4ccca1098d7aac1a55,,8
4,,in,0x98585dfc8d9e7d48f0b1ae47ce33332cf4237d96,,0x2796317b0ff8538f253012862c06787adfb8ceb6,2022-09-19 00:00:00.000 UTC,0x67f60b0891ebd842ebe55e4ccca1098d7aac1a55,,89001981525434648753219
5,,in,0x98585dfc8d9e7d48f0b1ae47ce33332cf4237d96,,0x2796317b0ff8538f253012862c06787adfb8ceb6,2023-02-07 00:00:00.000 UTC,0x67f60b0891ebd842ebe55e4ccca1098d7aac1a55,,44100000000000000000000
6,,in,0x98585dfc8d9e7d48f0b1ae47ce33332cf4237d96,,0x2796317b0ff8538f253012862c06787adfb8ceb6,2022-12-13 00:00:00.000 UTC,0x67f60b0891ebd842ebe55e4ccca1098d7aac1a55,,33900000000000000000000
7,,in,0x98585dfc8d9e7d48f0b1ae47ce33332cf4237d96,,0x2796317b0ff8538f253012862c06787adfb8ceb6,2022-04-11 00:00:00.000 UTC,0x67f60b0891ebd842ebe55e4ccca1098d7aac1a55,,27708583331359785429080
8,,in,0x0a9dce8eccbb033fbfd2c5d29ed1c84c39369d85,,0x87545eb89cb3a1936b5a22b260733f70f78eb030,2022-10-27 00:00:00.000 UTC,0x67f60b0891ebd842ebe55e4ccca1098d7aac1a55,,32441000000000000000000
9,,from,0x622236bb180256b6ae1a935dae08dc0356141632,,0x67f60b0891ebd842ebe55e4ccca1098d7aac1a55,2022-07-28 00:00:00.000 UTC,0x0af91fa049a7e1894f480bfe5bba20142c6c29a9,,1000000000000000000
10,,in,0x4a86c01d67965f8cb3d0aaa2c655705e64097c31,,0x5f99880830fd4a6f3ff0c5371db57ddec57259e2,2022-12-13 00:00:00.000 UTC,0x67f60b0891ebd842ebe55e4ccca1098d7aac1a55,,16802218477080135917345
11,,in,0x75e34a4a04d5f5f7fc01801d2d287d64d882529b,,0x00b8bd6d6f3964418d8b03245ac4a86a208dd3bc,2022-09-20 00:00:00.000 UTC,0x67f60b0891ebd842ebe55e4ccca1098d7aac1a55,,113789000000000000000000
12,ethereum,from,0xc02aaa39b223fe8d0a0e5c4f27ead9083c756cc2,18.0,0x67f60b0891ebd842ebe55e4ccca1098d7aac1a55,2021-10-08 00:00:00.000 UTC,0x0af91fa049a7e1894f480bfe5bba20142c6c29a9,weth-weth,612238348354261851
13,,in,0xbaac2b4491727d78d2b78815144570b9f2fe8899,,0x2796317b0ff8538f253012862c06787adfb8ceb6,2022-04-29 00:00:00.000 UTC,0x67f60b0891ebd842ebe55e4ccca1098d7aac1a55,,10000000000000000000000
14,,in,0xbaac2b4491727d78d2b78815144570b9f2fe8899,,0x2796317b0ff8538f253012862c06787adfb8ceb6,2023-02-07 00:00:00.000 UTC,0x67f60b0891ebd842ebe55e4ccca1098d7aac1a55,,100000000000000000000000
15,,from,0x1b84765de8b7566e4ceaf4d0fd3c5af52d3dde4f,,0x67f60b0891ebd842ebe55e4ccca1098d7aac1a55,2023-04-06 00:00:00.000 UTC,0xffb57ddc67443637802015214e7267326dbfacb4,,12000000000000000000000
16,,from,0x1b84765de8b7566e4ceaf4d0fd3c5af52d3dde4f,,0x67f60b0891ebd842ebe55e4ccca1098d7aac1a55,2021-12-31 00:00:00.000 UTC,0x0af91fa049a7e1894f480bfe5bba20142c6c29a9,,60000000000000000000000
17,,in,0xc7283b66eb1eb5fb86327f08e1b5816b0720212b,18.0,0x9e1076cc0d19f9b0b8019f384b0a29e48ee46f7f,2021-12-06 00:00:00.000 UTC,0x67f60b0891ebd842ebe55e4ccca1098d7aac1a55,tribe-tribe,7616101962616822429906
18,,from,0xc7283b66eb1eb5fb86327f08e1b5816b0720212b,18.0,0x67f60b0891ebd842ebe55e4ccca1098d7aac1a55,2022-03-20 00:00:00.000 UTC,0x9928e4046d7c6513326ccea028cd3e7a91c7590a,tribe-tribe,400000000000000000000000
19,,from,0xc7283b66eb1eb5fb86327f08e1b5816b0720212b,18.0,0x67f60b0891ebd842ebe55e4ccca1098d7aac1a55,2022-03-27 00:00:00.000 UTC,0x9928e4046d7c6513326ccea028cd3e7a91c7590a,tribe-tribe,701581122698864165732529
20,ethereum,from,0xa0b86991c6218b36c1d19d4a2e9eb0ce3606eb48,6.0,0x67f60b0891ebd842ebe55e4ccca1098d7aac1a55,2022-07-04 00:00:00.000 UTC,0xeaca6143f6802e37008c53e44323f53093318e9b,usdc-usd-coin,30445800000
21,ethereum,from,0xa0b86991c6218b36c1d19d4a2e9eb0ce3606eb48,6.0,0x67f60b0891ebd842ebe55e4ccca1098d7aac1a55,2023-06-08 00:00:00.000 UTC,0x6126ba8ac906e7e15095392ad6ea03c48adceace,usdc-usd-coin,300000000000
22,ethereum,from,0xa0b86991c6218b36c1d19d4a2e9eb0ce3606eb48,6.0,0x67f60b0891ebd842ebe55e4ccca1098d7aac1a55,2022-04-02 00:00:00.000 UTC,0x44a1f8afe5e3cac9b8a09efbc2b00ef5013cfe26,usdc-usd-coin,1097000000
23,ethereum,in,0xc02aaa39b223fe8d0a0e5c4f27ead9083c756cc2,18.0,0x2796317b0ff8538f253012862c06787adfb8ceb6,2021-10-13 00:00:00.000 UTC,0x67f60b0891ebd842ebe55e4ccca1098d7aac1a55,weth-weth,2027551003678741610
24,ethereum,in,0xa0b86991c6218b36c1d19d4a2e9eb0ce3606eb48,6.0,0x2796317b0ff8538f253012862c06787adfb8ceb6,2022-07-04 00:00:00.000 UTC,0x67f60b0891ebd842ebe55e4ccca1098d7aac1a55,usdc-usd-coin,11236178215
25,,in,0xbaac2b4491727d78d2b78815144570b9f2fe8899,,0x2796317b0ff8538f253012862c06787adfb8ceb6,2022-01-20 00:00:00.000 UTC,0x67f60b0891ebd842ebe55e4ccca1098d7aac1a55,,675000000000000000000000
26,,in,0xbaac2b4491727d78d2b78815144570b9f2fe8899,,0x2796317b0ff8538f253012862c06787adfb8ceb6,2022-03-09 00:00:00.000 UTC,0x67f60b0891ebd842ebe55e4ccca1098d7aac1a55,,40000000000000000000000
27,,in,0xbaac2b4491727d78d2b78815144570b9f2fe8899,,0x2796317b0ff8538f253012862c06787adfb8ceb6,2022-02-18 00:00:00.000 UTC,0x67f60b0891ebd842ebe55e4ccca1098d7aac1a55,,125000000000000000000000
28,ethereum,in,0xa0b86991c6218b36c1d19d4a2e9eb0ce3606eb48,6.0,0x2796317b0ff8538f253012862c06787adfb8ceb6,2022-12-13 00:00:00.000 UTC,0x67f60b0891ebd842ebe55e4ccca1098d7aac1a55,usdc-usd-coin,10964424905
29,,in,0xbaac2b4491727d78d2b78815144570b9f2fe8899,,0x2796317b0ff8538f253012862c06787adfb8ceb6,2023-06-29 00:00:00.000 UTC,0x67f60b0891ebd842ebe55e4ccca1098d7aac1a55,,270000000000000000000000
30,,in,0x18f00d0d352f14ef0b94bbddbf507b12705fb316,,0x0af91fa049a7e1894f480bfe5bba20142c6c29a9,2023-02-03 00:00:00.000 UTC,0x67f60b0891ebd842ebe55e4ccca1098d7aac1a55,,324778534324556032
31,ethereum,in,0xa0b86991c6218b36c1d19d4a2e9eb0ce3606eb48,6.0,0x0af91fa049a7e1894f480bfe5bba20142c6c29a9,2021-10-14 00:00:00.000 UTC,0x67f60b0891ebd842ebe55e4ccca1098d7aac1a55,usdc-usd-coin,25874908326
32,,in,0xbaac2b4491727d78d2b78815144570b9f2fe8899,,0x2796317b0ff8538f253012862c06787adfb8ceb6,2022-03-20 00:00:00.000 UTC,0x67f60b0891ebd842ebe55e4ccca1098d7aac1a55,,5000000000000000000000
33,ethereum,in,0xa0b86991c6218b36c1d19d4a2e9eb0ce3606eb48,6.0,0x1111111254fb6c44bac0bed2854e76f90643097d,2022-03-27 00:00:00.000 UTC,0x67f60b0891ebd842ebe55e4ccca1098d7aac1a55,usdc-usd-coin,393588360175
34,ethereum,in,0xa0b86991c6218b36c1d19d4a2e9eb0ce3606eb48,6.0,0x2796317b0ff8538f253012862c06787adfb8ceb6,2022-09-19 00:00:00.000 UTC,0x67f60b0891ebd842ebe55e4ccca1098d7aac1a55,usdc-usd-coin,54572700996
35,ethereum,in,0xa0b86991c6218b36c1d19d4a2e9eb0ce3606eb48,6.0,0x0af91fa049a7e1894f480bfe5bba20142c6c29a9,2022-03-16 00:00:00.000 UTC,0x67f60b0891ebd842ebe55e4ccca1098d7aac1a55,usdc-usd-coin,548717665459
36,ethereum,in,0xa0b86991c6218b36c1d19d4a2e9eb0ce3606eb48,6.0,0x1116898dda4015ed8ddefb84b6e8bc24528af2d8,2021-11-25 00:00:00.000 UTC,0x67f60b0891ebd842ebe55e4ccca1098d7aac1a55,usdc-usd-coin,9613667242
37,,in,0x2f848b4a2b5dfc3b9e4eb229551c0887e6348653,,0xb85a676965436e65f9b878c94cc4f5b53b96586e,2022-09-23 00:00:00.000 UTC,0x67f60b0891ebd842ebe55e4ccca1098d7aac1a55,,389636000000000000000000
38,ethereum,in,0xa0b86991c6218b36c1d19d4a2e9eb0ce3606eb48,6.0,0x1116898dda4015ed8ddefb84b6e8bc24528af2d8,2023-02-07 00:00:00.000 UTC,0x67f60b0891ebd842ebe55e4ccca1098d7aac1a55,usdc-usd-coin,5938578286
39,ethereum,in,0xa0b86991c6218b36c1d19d4a2e9eb0ce3606eb48,6.0,0x1116898dda4015ed8ddefb84b6e8bc24528af2d8,2022-07-04 00:00:00.000 UTC,0x67f60b0891ebd842ebe55e4ccca1098d7aac1a55,usdc-usd-coin,88897301488
40,,in,0xbaac2b4491727d78d2b78815144570b9f2fe8899,,0x2796317b0ff8538f253012862c06787adfb8ceb6,2022-12-13 00:00:00.000 UTC,0x67f60b0891ebd842ebe55e4ccca1098d7aac1a55,,385000000000000000000000
41,ethereum,in,0xa0b86991c6218b36c1d19d4a2e9eb0ce3606eb48,6.0,0x1116898dda4015ed8ddefb84b6e8bc24528af2d8,2021-11-15 00:00:00.000 UTC,0x67f60b0891ebd842ebe55e4ccca1098d7aac1a55,usdc-usd-coin,882848776
42,,in,0xbaac2b4491727d78d2b78815144570b9f2fe8899,,0x2796317b0ff8538f253012862c06787adfb8ceb6,2022-04-11 00:00:00.000 UTC,0x67f60b0891ebd842ebe55e4ccca1098d7aac1a55,,230000000000000000000000
43,ethereum,in,0xa0b86991c6218b36c1d19d4a2e9eb0ce3606eb48,6.0,0x3416cf6c708da44db2624d63ea0aaef7113527c6,2022-03-10 00:00:00.000 UTC,0x67f60b0891ebd842ebe55e4ccca1098d7aac1a55,usdc-usd-coin,52756967850
44,ethereum,in,0xa0b86991c6218b36c1d19d4a2e9eb0ce3606eb48,6.0,0xc63b0708e2f7e69cb8a1df0e1389a98c35a76d52,2022-03-10 00:00:00.000 UTC,0x67f60b0891ebd842ebe55e4ccca1098d7aac1a55,usdc-usd-coin,17293377197
45,,in,0x4eb8b4c65d8430647586cf44af4bf23ded2bb794,,0xa448833bece66fd8803ac0c390936c79b5fd6edf,2022-02-22 00:00:00.000 UTC,0x67f60b0891ebd842ebe55e4ccca1098d7aac1a55,,342189366626560171321904
46,,in,0xbaac2b4491727d78d2b78815144570b9f2fe8899,,0x2796317b0ff8538f253012862c06787adfb8ceb6,2022-07-04 00:00:00.000 UTC,0x67f60b0891ebd842ebe55e4ccca1098d7aac1a55,,85000000000000000000000
47,ethereum,in,0xa0b86991c6218b36c1d19d4a2e9eb0ce3606eb48,6.0,0x0d745ad687f2b1e1941569f09f612f60ad4ad5bc,2023-05-24 00:00:00.000 UTC,0x67f60b0891ebd842ebe55e4ccca1098d7aac1a55,usdc-usd-coin,254430865241
48,ethereum,in,0xa0b86991c6218b36c1d19d4a2e9eb0ce3606eb48,6.0,0x2796317b0ff8538f253012862c06787adfb8ceb6,2023-02-07 00:00:00.000 UTC,0x67f60b0891ebd842ebe55e4ccca1098d7aac1a55,usdc-usd-coin,2841051847
49,ethereum,in,0xa0b86991c6218b36c1d19d4a2e9eb0ce3606eb48,6.0,0x1116898dda4015ed8ddefb84b6e8bc24528af2d8,2022-03-09 00:00:00.000 UTC,0x67f60b0891ebd842ebe55e4ccca1098d7aac1a55,usdc-usd-coin,79677667620
50,,in,0xbaac2b4491727d78d2b78815144570b9f2fe8899,,0x2796317b0ff8538f253012862c06787adfb8ceb6,2022-09-19 00:00:00.000 UTC,0x67f60b0891ebd842ebe55e4ccca1098d7aac1a55,,240000000000000000000000
51,ethereum,in,0xa0b86991c6218b36c1d19d4a2e9eb0ce3606eb48,6.0,0x2796317b0ff8538f253012862c06787adfb8ceb6,2023-06-29 00:00:00.000 UTC,0x67f60b0891ebd842ebe55e4ccca1098d7aac1a55,usdc-usd-coin,3468972595
52,ethereum,in,0xa0b86991c6218b36c1d19d4a2e9eb0ce3606eb48,6.0,0x1116898dda4015ed8ddefb84b6e8bc24528af2d8,2022-12-13 00:00:00.000 UTC,0x67f60b0891ebd842ebe55e4ccca1098d7aac1a55,usdc-usd-coin,89144437148
53,ethereum,in,0xa0b86991c6218b36c1d19d4a2e9eb0ce3606eb48,6.0,0x5777d92f208679db4b9778590fa3cab3ac9e2168,2022-03-10 00:00:00.000 UTC,0x67f60b0891ebd842ebe55e4ccca1098d7aac1a55,usdc-usd-coin,583887002447
54,ethereum,in,0xa0b86991c6218b36c1d19d4a2e9eb0ce3606eb48,6.0,0x2796317b0ff8538f253012862c06787adfb8ceb6,2023-05-04 00:00:00.000 UTC,0x67f60b0891ebd842ebe55e4ccca1098d7aac1a55,usdc-usd-coin,501826535861
55,ethereum,in,0xa0b86991c6218b36c1d19d4a2e9eb0ce3606eb48,6.0,0x1116898dda4015ed8ddefb84b6e8bc24528af2d8,2021-11-12 00:00:00.000 UTC,0x67f60b0891ebd842ebe55e4ccca1098d7aac1a55,usdc-usd-coin,25891956785
56,,in,0xbaac2b4491727d78d2b78815144570b9f2fe8899,,0x2796317b0ff8538f253012862c06787adfb8ceb6,2022-02-02 00:00:00.000 UTC,0x67f60b0891ebd842ebe55e4ccca1098d7aac1a55,,35000000000000000000000
57,ethereum,in,0xa0b86991c6218b36c1d19d4a2e9eb0ce3606eb48,6.0,0x1111111254fb6c44bac0bed2854e76f90643097d,2022-03-20 00:00:00.000 UTC,0x67f60b0891ebd842ebe55e4ccca1098d7aac1a55,usdc-usd-coin,218579450301
58,ethereum,from,0xa0b86991c6218b36c1d19d4a2e9eb0ce3606eb48,6.0,0x67f60b0891ebd842ebe55e4ccca1098d7aac1a55,2022-05-09 00:00:00.000 UTC,0x88e6a0c2ddd26feeb64f039a2c41296fcb3f5640,usdc-usd-coin,325788475935
59,,from,0x1b84765de8b7566e4ceaf4d0fd3c5af52d3dde4f,,0x67f60b0891ebd842ebe55e4ccca1098d7aac1a55,2022-01-06 00:00:00.000 UTC,0x0af91fa049a7e1894f480bfe5bba20142c6c29a9,,40000000000000000000000
60,,from,0x1b84765de8b7566e4ceaf4d0fd3c5af52d3dde4f,,0x67f60b0891ebd842ebe55e4ccca1098d7aac1a55,2022-04-11 00:00:00.000 UTC,0x0000000000000000000000000000000000000000,,353028188735670834074601
61,,from,0x1b84765de8b7566e4ceaf4d0fd3c5af52d3dde4f,,0x67f60b0891ebd842ebe55e4ccca1098d7aac1a55,2022-05-03 00:00:00.000 UTC,0x804af23ae26310e85578c0189f7406e713e916cc,,20000000000000000000000
62,,from,0x1b84765de8b7566e4ceaf4d0fd3c5af52d3dde4f,,0x67f60b0891ebd842ebe55e4ccca1098d7aac1a55,2022-03-28 00:00:00.000 UTC,0xb3dad3c24a861b84fdf380b212662620627d4e15,,15000000000000000000000
63,,from,0x1b84765de8b7566e4ceaf4d0fd3c5af52d3dde4f,,0x67f60b0891ebd842ebe55e4ccca1098d7aac1a55,2022-05-10 00:00:00.000 UTC,0x0000000000000000000000000000000000000000,,60000000000000000000000
64,,from,0x1b84765de8b7566e4ceaf4d0fd3c5af52d3dde4f,,0x67f60b0891ebd842ebe55e4ccca1098d7aac1a55,2023-02-10 00:00:00.000 UTC,0x0d745ad687f2b1e1941569f09f612f60ad4ad5bc,,200000000000000000000000
65,,from,0x1b84765de8b7566e4ceaf4d0fd3c5af52d3dde4f,,0x67f60b0891ebd842ebe55e4ccca1098d7aac1a55,2022-09-20 00:00:00.000 UTC,0x6126ba8ac906e7e15095392ad6ea03c48adceace,,300000000000000000000000
66,ethereum,from,0xa0b86991c6218b36c1d19d4a2e9eb0ce3606eb48,6.0,0x67f60b0891ebd842ebe55e4ccca1098d7aac1a55,2023-01-19 00:00:00.000 UTC,0x0d745ad687f2b1e1941569f09f612f60ad4ad5bc,usdc-usd-coin,36400442752
67,ethereum,from,0xa0b86991c6218b36c1d19d4a2e9eb0ce3606eb48,6.0,0x67f60b0891ebd842ebe55e4ccca1098d7aac1a55,2022-10-03 00:00:00.000 UTC,0x4d30a0e0b68f6d7ea98e0c76ac178f1f5eac0302,usdc-usd-coin,30000000000
68,ethereum,from,0xa0b86991c6218b36c1d19d4a2e9eb0ce3606eb48,6.0,0x67f60b0891ebd842ebe55e4ccca1098d7aac1a55,2021-10-24 00:00:00.000 UTC,0x348ee8db6fdd575fc52114e33286392b4dfa69f6,usdc-usd-coin,3207000000
69,ethereum,from,0xa0b86991c6218b36c1d19d4a2e9eb0ce3606eb48,6.0,0x67f60b0891ebd842ebe55e4ccca1098d7aac1a55,2022-03-20 00:00:00.000 UTC,0x0af91fa049a7e1894f480bfe5bba20142c6c29a9,usdc-usd-coin,250000000000
70,ethereum,from,0xa0b86991c6218b36c1d19d4a2e9eb0ce3606eb48,6.0,0x67f60b0891ebd842ebe55e4ccca1098d7aac1a55,2023-06-06 00:00:00.000 UTC,0x6126ba8ac906e7e15095392ad6ea03c48adceace,usdc-usd-coin,300000000
71,ethereum,from,0xa0b86991c6218b36c1d19d4a2e9eb0ce3606eb48,6.0,0x67f60b0891ebd842ebe55e4ccca1098d7aac1a55,2022-03-10 00:00:00.000 UTC,0x0af91fa049a7e1894f480bfe5bba20142c6c29a9,usdc-usd-coin,733615015114
72,ethereum,from,0xa0b86991c6218b36c1d19d4a2e9eb0ce3606eb48,6.0,0x67f60b0891ebd842ebe55e4ccca1098d7aac1a55,2023-06-29 00:00:00.000 UTC,0x6ebe2bf67034438725e76e35c0a5f4a55b8e6848,usdc-usd-coin,30000000000
73,ethereum,from,0xa0b86991c6218b36c1d19d4a2e9eb0ce3606eb48,6.0,0x67f60b0891ebd842ebe55e4ccca1098d7aac1a55,2022-03-16 00:00:00.000 UTC,0x348ee8db6fdd575fc52114e33286392b4dfa69f6,usdc-usd-coin,184000000000
74,ethereum,from,0xa0b86991c6218b36c1d19d4a2e9eb0ce3606eb48,6.0,0x67f60b0891ebd842ebe55e4ccca1098d7aac1a55,2022-07-25 00:00:00.000 UTC,0xfe440a99d2c442f1714e84d6fe27293282e0117b,usdc-usd-coin,16667000000
75,ethereum,from,0xa0b86991c6218b36c1d19d4a2e9eb0ce3606eb48,6.0,0x67f60b0891ebd842ebe55e4ccca1098d7aac1a55,2022-10-03 00:00:00.000 UTC,0x32d958c68fbf235e3bf9b4326d5640cc836e67d9,usdc-usd-coin,30000000000
76,ethereum,from,0xa0b86991c6218b36c1d19d4a2e9eb0ce3606eb48,6.0,0x67f60b0891ebd842ebe55e4ccca1098d7aac1a55,2023-05-04 00:00:00.000 UTC,0x6126ba8ac906e7e15095392ad6ea03c48adceace,usdc-usd-coin,300000000000
77,ethereum,from,0xa0b86991c6218b36c1d19d4a2e9eb0ce3606eb48,6.0,0x67f60b0891ebd842ebe55e4ccca1098d7aac1a55,2021-11-12 00:00:00.000 UTC,0x88e6a0c2ddd26feeb64f039a2c41296fcb3f5640,usdc-usd-coin,27559865111
78,ethereum,from,0xa0b86991c6218b36c1d19d4a2e9eb0ce3606eb48,6.0,0x67f60b0891ebd842ebe55e4ccca1098d7aac1a55,2022-01-10 00:00:00.000 UTC,0x0af91fa049a7e1894f480bfe5bba20142c6c29a9,usdc-usd-coin,10496516018
79,ethereum,from,0xa0b86991c6218b36c1d19d4a2e9eb0ce3606eb48,6.0,0x67f60b0891ebd842ebe55e4ccca1098d7aac1a55,2022-07-05 00:00:00.000 UTC,0x1454b942e35f3796b66e72f16313816c5b30b1ba,usdc-usd-coin,18538210000
80,ethereum,from,0xa0b86991c6218b36c1d19d4a2e9eb0ce3606eb48,6.0,0x67f60b0891ebd842ebe55e4ccca1098d7aac1a55,2022-07-07 00:00:00.000 UTC,0xb3dad3c24a861b84fdf380b212662620627d4e15,usdc-usd-coin,25000000000
81,ethereum,from,0xa0b86991c6218b36c1d19d4a2e9eb0ce3606eb48,6.0,0x67f60b0891ebd842ebe55e4ccca1098d7aac1a55,2022-03-28 00:00:00.000 UTC,0x0af91fa049a7e1894f480bfe5bba20142c6c29a9,usdc-usd-coin,400000000000
82,ethereum,from,0xa0b86991c6218b36c1d19d4a2e9eb0ce3606eb48,6.0,0x67f60b0891ebd842ebe55e4ccca1098d7aac1a55,2023-06-08 00:00:00.000 UTC,0x08974a131b93322e4394242bd6ad04cecd41fdb3,usdc-usd-coin,86681680000
83,ethereum,from,0xa0b86991c6218b36c1d19d4a2e9eb0ce3606eb48,6.0,0x67f60b0891ebd842ebe55e4ccca1098d7aac1a55,2021-10-14 00:00:00.000 UTC,0x348ee8db6fdd575fc52114e33286392b4dfa69f6,usdc-usd-coin,21000000000
84,ethereum,from,0xa0b86991c6218b36c1d19d4a2e9eb0ce3606eb48,6.0,0x67f60b0891ebd842ebe55e4ccca1098d7aac1a55,2022-12-13 00:00:00.000 UTC,0xa43c51aacae41aec73e1eff2d13d69ed13de8dab,usdc-usd-coin,67763590000
85,ethereum,in,0xc02aaa39b223fe8d0a0e5c4f27ead9083c756cc2,18.0,0x2796317b0ff8538f253012862c06787adfb8ceb6,2021-11-22 00:00:00.000 UTC,0x67f60b0891ebd842ebe55e4ccca1098d7aac1a55,weth-weth,9083229816033669681
86,ethereum,in,0xc02aaa39b223fe8d0a0e5c4f27ead9083c756cc2,18.0,0x2796317b0ff8538f253012862c06787adfb8ceb6,2023-06-29 00:00:00.000 UTC,0x67f60b0891ebd842ebe55e4ccca1098d7aac1a55,weth-weth,55307487535184766478
87,,in,0x6d9541ba0f1039d0f8636b4f39d20a8a7464f357,,0xa27f25d6a8f876c8cdd506f6cc59f3166f2a494f,2022-09-16 00:00:00.000 UTC,0x67f60b0891ebd842ebe55e4ccca1098d7aac1a55,,606375000000000000000000
88,ethereum,in,0xc02aaa39b223fe8d0a0e5c4f27ead9083c756cc2,18.0,0x2796317b0ff8538f253012862c06787adfb8ceb6,2021-10-15 00:00:00.000 UTC,0x67f60b0891ebd842ebe55e4ccca1098d7aac1a55,weth-weth,2077397637127112212
89,ethereum,in,0xc02aaa39b223fe8d0a0e5c4f27ead9083c756cc2,18.0,0x2796317b0ff8538f253012862c06787adfb8ceb6,2021-11-17 00:00:00.000 UTC,0x67f60b0891ebd842ebe55e4ccca1098d7aac1a55,weth-weth,3126285498896597362
90,ethereum,in,0xc02aaa39b223fe8d0a0e5c4f27ead9083c756cc2,18.0,0x2796317b0ff8538f253012862c06787adfb8ceb6,2021-10-06 00:00:00.000 UTC,0x67f60b0891ebd842ebe55e4ccca1098d7aac1a55,weth-weth,9794185893044617389
91,ethereum,in,0xc02aaa39b223fe8d0a0e5c4f27ead9083c756cc2,18.0,0x2796317b0ff8538f253012862c06787adfb8ceb6,2022-02-18 00:00:00.000 UTC,0x67f60b0891ebd842ebe55e4ccca1098d7aac1a55,weth-weth,73107033397180249109
92,ethereum,in,0xc02aaa39b223fe8d0a0e5c4f27ead9083c756cc2,18.0,0x2796317b0ff8538f253012862c06787adfb8ceb6,2021-10-29 00:00:00.000 UTC,0x67f60b0891ebd842ebe55e4ccca1098d7aac1a55,weth-weth,3438792792590990390
93,ethereum,in,0xc02aaa39b223fe8d0a0e5c4f27ead9083c756cc2,18.0,0x2796317b0ff8538f253012862c06787adfb8ceb6,2021-11-19 00:00:00.000 UTC,0x67f60b0891ebd842ebe55e4ccca1098d7aac1a55,weth-weth,3374571164445667897
94,ethereum,in,0xc02aaa39b223fe8d0a0e5c4f27ead9083c756cc2,18.0,0x2796317b0ff8538f253012862c06787adfb8ceb6,2022-02-02 00:00:00.000 UTC,0x67f60b0891ebd842ebe55e4ccca1098d7aac1a55,weth-weth,176148861572960027410
95,ethereum,in,0xc02aaa39b223fe8d0a0e5c4f27ead9083c756cc2,18.0,0x2796317b0ff8538f253012862c06787adfb8ceb6,2021-10-19 00:00:00.000 UTC,0x67f60b0891ebd842ebe55e4ccca1098d7aac1a55,weth-weth,5503971338392120193
96,,in,0x622236bb180256b6ae1a935dae08dc0356141632,,0x6da5f047b1ec9e822f132efdf02e76eddf29dbf5,2022-07-13 00:00:00.000 UTC,0x67f60b0891ebd842ebe55e4ccca1098d7aac1a55,,1000000000000000000
97,ethereum,in,0xc02aaa39b223fe8d0a0e5c4f27ead9083c756cc2,18.0,0x2796317b0ff8538f253012862c06787adfb8ceb6,2023-02-07 00:00:00.000 UTC,0x67f60b0891ebd842ebe55e4ccca1098d7aac1a55,weth-weth,70334697083638298601
98,ethereum,in,0xc02aaa39b223fe8d0a0e5c4f27ead9083c756cc2,18.0,0x2796317b0ff8538f253012862c06787adfb8ceb6,2021-12-07 00:00:00.000 UTC,0x67f60b0891ebd842ebe55e4ccca1098d7aac1a55,weth-weth,16338722998244204855
99,ethereum,in,0xc02aaa39b223fe8d0a0e5c4f27ead9083c756cc2,18.0,0x2796317b0ff8538f253012862c06787adfb8ceb6,2023-03-28 00:00:00.000 UTC,0x67f60b0891ebd842ebe55e4ccca1098d7aac1a55,weth-weth,168248757361344365878
100,ethereum,in,0xc02aaa39b223fe8d0a0e5c4f27ead9083c756cc2,18.0,0x2796317b0ff8538f253012862c06787adfb8ceb6,2021-11-29 00:00:00.000 UTC,0x67f60b0891ebd842ebe55e4ccca1098d7aac1a55,weth-weth,8032738047933869172
101,ethereum,in,0xc02aaa39b223fe8d0a0e5c4f27ead9083c756cc2,18.0,0x2796317b0ff8538f253012862c06787adfb8ceb6,2022-09-19 00:00:00.000 UTC,0x67f60b0891ebd842ebe55e4ccca1098d7aac1a55,weth-weth,118852021645787145025
102,ethereum,in,0xc02aaa39b223fe8d0a0e5c4f27ead9083c756cc2,18.0,0x2796317b0ff8538f253012862c06787adfb8ceb6,2021-10-27 00:00:00.000 UTC,0x67f60b0891ebd842ebe55e4ccca1098d7aac1a55,weth-weth,3820734328510017740
103,ethereum,in,0xc02aaa39b223fe8d0a0e5c4f27ead9083c756cc2,18.0,0x2796317b0ff8538f253012862c06787adfb8ceb6,2022-01-20 00:00:00.000 UTC,0x67f60b0891ebd842ebe55e4ccca1098d7aac1a55,weth-weth,140019370996057021579
104,ethereum,in,0xc02aaa39b223fe8d0a0e5c4f27ead9083c756cc2,18.0,0x2796317b0ff8538f253012862c06787adfb8ceb6,2021-11-09 00:00:00.000 UTC,0x67f60b0891ebd842ebe55e4ccca1098d7aac1a55,weth-weth,6452708288491373750
105,ethereum,in,0xc02aaa39b223fe8d0a0e5c4f27ead9083c756cc2,18.0,0x2796317b0ff8538f253012862c06787adfb8ceb6,2021-11-15 00:00:00.000 UTC,0x67f60b0891ebd842ebe55e4ccca1098d7aac1a55,weth-weth,4569493816828812372
106,ethereum,in,0xc02aaa39b223fe8d0a0e5c4f27ead9083c756cc2,18.0,0x2796317b0ff8538f253012862c06787adfb8ceb6,2022-12-13 00:00:00.000 UTC,0x67f60b0891ebd842ebe55e4ccca1098d7aac1a55,weth-weth,104969735006471433630
107,ethereum,in,0xc02aaa39b223fe8d0a0e5c4f27ead9083c756cc2,18.0,0x2796317b0ff8538f253012862c06787adfb8ceb6,2022-03-09 00:00:00.000 UTC,0x67f60b0891ebd842ebe55e4ccca1098d7aac1a55,weth-weth,69205338436612753896
108,ethereum,in,0xc02aaa39b223fe8d0a0e5c4f27ead9083c756cc2,18.0,0x2796317b0ff8538f253012862c06787adfb8ceb6,2022-04-11 00:00:00.000 UTC,0x67f60b0891ebd842ebe55e4ccca1098d7aac1a55,weth-weth,58758223144542990598
109,ethereum,in,0xc02aaa39b223fe8d0a0e5c4f27ead9083c756cc2,18.0,0x2796317b0ff8538f253012862c06787adfb8ceb6,2021-10-24 00:00:00.000 UTC,0x67f60b0891ebd842ebe55e4ccca1098d7aac1a55,weth-weth,1383894437964617777
110,,in,0xb688d06d858e092ebb145394a1ba08c7a10e1f56,,0x24b9f6ce8370a25104699682d878ad32f035956c,2022-09-28 00:00:00.000 UTC,0x67f60b0891ebd842ebe55e4ccca1098d7aac1a55,,448386000000000000000000
111,ethereum,in,0xc02aaa39b223fe8d0a0e5c4f27ead9083c756cc2,18.0,0x2796317b0ff8538f253012862c06787adfb8ceb6,2021-10-12 00:00:00.000 UTC,0x67f60b0891ebd842ebe55e4ccca1098d7aac1a55,weth-weth,2875954289167842802
112,ethereum,in,0xc02aaa39b223fe8d0a0e5c4f27ead9083c756cc2,18.0,0x2796317b0ff8538f253012862c06787adfb8ceb6,2023-05-18 00:00:00.000 UTC,0x67f60b0891ebd842ebe55e4ccca1098d7aac1a55,weth-weth,155834548338307105387
113,ethereum,in,0xc02aaa39b223fe8d0a0e5c4f27ead9083c756cc2,18.0,0x2796317b0ff8538f253012862c06787adfb8ceb6,2022-04-29 00:00:00.000 UTC,0x67f60b0891ebd842ebe55e4ccca1098d7aac1a55,weth-weth,45190032828498928045
114,ethereum,in,0xc02aaa39b223fe8d0a0e5c4f27ead9083c756cc2,18.0,0x2796317b0ff8538f253012862c06787adfb8ceb6,2021-10-10 00:00:00.000 UTC,0x67f60b0891ebd842ebe55e4ccca1098d7aac1a55,weth-weth,2802485208753728039
115,ethereum,in,0xc02aaa39b223fe8d0a0e5c4f27ead9083c756cc2,18.0,0x2796317b0ff8538f253012862c06787adfb8ceb6,2021-09-29 00:00:00.000 UTC,0x67f60b0891ebd842ebe55e4ccca1098d7aac1a55,weth-weth,17818052455309644462
116,,in,0x7a6b87d7a874fce4c2d923b09c0e09e4936bcf57,,0xdac17f958d2ee523a2206206994597c13d831ec7,2022-11-24 00:00:00.000 UTC,0x67f60b0891ebd842ebe55e4ccca1098d7aac1a55,,7000
117,ethereum,in,0xc02aaa39b223fe8d0a0e5c4f27ead9083c756cc2,18.0,0x2796317b0ff8538f253012862c06787adfb8ceb6,2022-03-20 00:00:00.000 UTC,0x67f60b0891ebd842ebe55e4ccca1098d7aac1a55,weth-weth,22909401720983139179
118,ethereum,in,0xc02aaa39b223fe8d0a0e5c4f27ead9083c756cc2,18.0,0x2796317b0ff8538f253012862c06787adfb8ceb6,2021-10-08 00:00:00.000 UTC,0x67f60b0891ebd842ebe55e4ccca1098d7aac1a55,weth-weth,3163301965897660069
119,ethereum,in,0xc02aaa39b223fe8d0a0e5c4f27ead9083c756cc2,18.0,0x2796317b0ff8538f253012862c06787adfb8ceb6,2021-10-11 00:00:00.000 UTC,0x67f60b0891ebd842ebe55e4ccca1098d7aac1a55,weth-weth,3122963365946553748
120,ethereum,in,0xc02aaa39b223fe8d0a0e5c4f27ead9083c756cc2,18.0,0x2796317b0ff8538f253012862c06787adfb8ceb6,2022-07-04 00:00:00.000 UTC,0x67f60b0891ebd842ebe55e4ccca1098d7aac1a55,weth-weth,194764628413793125958
121,,from,0x1b84765de8b7566e4ceaf4d0fd3c5af52d3dde4f,,0x67f60b0891ebd842ebe55e4ccca1098d7aac1a55,2022-01-20 00:00:00.000 UTC,0xb3dad3c24a861b84fdf380b212662620627d4e15,,100000000000000000000000
122,ethereum,from,0xc02aaa39b223fe8d0a0e5c4f27ead9083c756cc2,18.0,0x67f60b0891ebd842ebe55e4ccca1098d7aac1a55,2023-02-09 00:00:00.000 UTC,0x0d745ad687f2b1e1941569f09f612f60ad4ad5bc,weth-weth,71156453735896877256
123,ethereum,from,0xc02aaa39b223fe8d0a0e5c4f27ead9083c756cc2,18.0,0x67f60b0891ebd842ebe55e4ccca1098d7aac1a55,2021-10-26 00:00:00.000 UTC,0x235af07e770f474d24f5bf73074735892371b40d,weth-weth,1418819246928376450
124,ethereum,from,0xc02aaa39b223fe8d0a0e5c4f27ead9083c756cc2,18.0,0x67f60b0891ebd842ebe55e4ccca1098d7aac1a55,2021-09-30 00:00:00.000 UTC,0x235af07e770f474d24f5bf73074735892371b40d,weth-weth,3000000000000000000
125,,from,0x1b84765de8b7566e4ceaf4d0fd3c5af52d3dde4f,,0x67f60b0891ebd842ebe55e4ccca1098d7aac1a55,2022-03-24 00:00:00.000 UTC,0xcb564c49769882562a3684f6ae17fb8f302dc8bb,,25000000000000000000000
126,,from,0x1b84765de8b7566e4ceaf4d0fd3c5af52d3dde4f,,0x67f60b0891ebd842ebe55e4ccca1098d7aac1a55,2022-04-29 00:00:00.000 UTC,0x42980e3e602178354e065723d9652bef79ae3673,,10000000000000000000000
127,,from,0x1b84765de8b7566e4ceaf4d0fd3c5af52d3dde4f,,0x67f60b0891ebd842ebe55e4ccca1098d7aac1a55,2022-04-02 00:00:00.000 UTC,0xb3dad3c24a861b84fdf380b212662620627d4e15,,10000000000000000000000
128,,from,0x1b84765de8b7566e4ceaf4d0fd3c5af52d3dde4f,,0x67f60b0891ebd842ebe55e4ccca1098d7aac1a55,2021-10-25 00:00:00.000 UTC,0x0af91fa049a7e1894f480bfe5bba20142c6c29a9,,19220149345941756696606
129,,from,0x1b84765de8b7566e4ceaf4d0fd3c5af52d3dde4f,,0x67f60b0891ebd842ebe55e4ccca1098d7aac1a55,2021-12-01 00:00:00.000 UTC,0xb3dad3c24a861b84fdf380b212662620627d4e15,,60000000000000000000000
130,,from,0x1b84765de8b7566e4ceaf4d0fd3c5af52d3dde4f,,0x67f60b0891ebd842ebe55e4ccca1098d7aac1a55,2021-12-04 00:00:00.000 UTC,0x0af91fa049a7e1894f480bfe5bba20142c6c29a9,,63639403316029382084110
131,,from,0x1b84765de8b7566e4ceaf4d0fd3c5af52d3dde4f,,0x67f60b0891ebd842ebe55e4ccca1098d7aac1a55,2022-02-15 00:00:00.000 UTC,0xb104bcbfe8b143804d8cfe92e9f100a3270d1e55,,1000000000000000000000
132,,from,0x1b84765de8b7566e4ceaf4d0fd3c5af52d3dde4f,,0x67f60b0891ebd842ebe55e4ccca1098d7aac1a55,2021-10-08 00:00:00.000 UTC,0x0af91fa049a7e1894f480bfe5bba20142c6c29a9,,44289681818859086286045
133,,from,0x1b84765de8b7566e4ceaf4d0fd3c5af52d3dde4f,,0x67f60b0891ebd842ebe55e4ccca1098d7aac1a55,2022-01-10 00:00:00.000 UTC,0x0af91fa049a7e1894f480bfe5bba20142c6c29a9,,100000000000000000000000
134,,from,0x1b84765de8b7566e4ceaf4d0fd3c5af52d3dde4f,,0x67f60b0891ebd842ebe55e4ccca1098d7aac1a55,2022-01-04 00:00:00.000 UTC,0xb3dad3c24a861b84fdf380b212662620627d4e15,,60000000000000000000000
135,,from,0x1b84765de8b7566e4ceaf4d0fd3c5af52d3dde4f,,0x67f60b0891ebd842ebe55e4ccca1098d7aac1a55,2021-10-23 00:00:00.000 UTC,0x235af07e770f474d24f5bf73074735892371b40d,,40000000000000000000000
136,,from,0x1b84765de8b7566e4ceaf4d0fd3c5af52d3dde4f,,0x67f60b0891ebd842ebe55e4ccca1098d7aac1a55,2022-05-03 00:00:00.000 UTC,0x2d2c027e0d1a899a1965910dd272bcae1cd03c22,,7000000000000000000000
137,,from,0x1b84765de8b7566e4ceaf4d0fd3c5af52d3dde4f,,0x67f60b0891ebd842ebe55e4ccca1098d7aac1a55,2022-06-19 00:00:00.000 UTC,0xb3dad3c24a861b84fdf380b212662620627d4e15,,30000000000000000000000
138,,from,0x1b84765de8b7566e4ceaf4d0fd3c5af52d3dde4f,,0x67f60b0891ebd842ebe55e4ccca1098d7aac1a55,2022-06-14 00:00:00.000 UTC,0x9274a5596d7e95ae3631727f54290b48967091ac,,1000000000000000000
139,,from,0x1b84765de8b7566e4ceaf4d0fd3c5af52d3dde4f,,0x67f60b0891ebd842ebe55e4ccca1098d7aac1a55,2023-02-08 00:00:00.000 UTC,0x6126ba8ac906e7e15095392ad6ea03c48adceace,,300000000000000000000000
140,,from,0x1b84765de8b7566e4ceaf4d0fd3c5af52d3dde4f,,0x67f60b0891ebd842ebe55e4ccca1098d7aac1a55,2022-02-23 00:00:00.000 UTC,0x0000000000000000000000000000000000000000,,542403692796623757781760
141,,from,0x1b84765de8b7566e4ceaf4d0fd3c5af52d3dde4f,,0x67f60b0891ebd842ebe55e4ccca1098d7aac1a55,2023-03-09 00:00:00.000 UTC,0x6126ba8ac906e7e15095392ad6ea03c48adceace,,300000000000000000000000
142,,from,0x1b84765de8b7566e4ceaf4d0fd3c5af52d3dde4f,,0x67f60b0891ebd842ebe55e4ccca1098d7aac1a55,2022-12-06 00:00:00.000 UTC,0x6126ba8ac906e7e15095392ad6ea03c48adceace,,300000000000000000000000
143,,from,0x1b84765de8b7566e4ceaf4d0fd3c5af52d3dde4f,,0x67f60b0891ebd842ebe55e4ccca1098d7aac1a55,2022-06-17 00:00:00.000 UTC,0xb3dad3c24a861b84fdf380b212662620627d4e15,,22186190000000000000000
144,,from,0x1b84765de8b7566e4ceaf4d0fd3c5af52d3dde4f,,0x67f60b0891ebd842ebe55e4ccca1098d7aac1a55,2022-05-29 00:00:00.000 UTC,0xb3dad3c24a861b84fdf380b212662620627d4e15,,1000000000000000000000
145,,from,0x1b84765de8b7566e4ceaf4d0fd3c5af52d3dde4f,,0x67f60b0891ebd842ebe55e4ccca1098d7aac1a55,2022-01-18 00:00:00.000 UTC,0xb3dad3c24a861b84fdf380b212662620627d4e15,,52832679590428431262788
146,,from,0x1b84765de8b7566e4ceaf4d0fd3c5af52d3dde4f,,0x67f60b0891ebd842ebe55e4ccca1098d7aac1a55,2022-11-08 00:00:00.000 UTC,0xb3dad3c24a861b84fdf380b212662620627d4e15,,43148018518280406695163
147,,from,0x1b84765de8b7566e4ceaf4d0fd3c5af52d3dde4f,,0x67f60b0891ebd842ebe55e4ccca1098d7aac1a55,2022-10-02 00:00:00.000 UTC,0x6126ba8ac906e7e15095392ad6ea03c48adceace,,300000000000000000000000
148,,from,0x1b84765de8b7566e4ceaf4d0fd3c5af52d3dde4f,,0x67f60b0891ebd842ebe55e4ccca1098d7aac1a55,2022-02-15 00:00:00.000 UTC,0xb104bcbfe8b143804d8cfe92e9f100a3270d1e55,,5000000000000000000000
149,,from,0x1b84765de8b7566e4ceaf4d0fd3c5af52d3dde4f,,0x67f60b0891ebd842ebe55e4ccca1098d7aac1a55,2023-04-06 00:00:00.000 UTC,0x6126ba8ac906e7e15095392ad6ea03c48adceace,,300000000000000000000000
150,,from,0x1b84765de8b7566e4ceaf4d0fd3c5af52d3dde4f,,0x67f60b0891ebd842ebe55e4ccca1098d7aac1a55,2021-11-25 00:00:00.000 UTC,0x0af91fa049a7e1894f480bfe5bba20142c6c29a9,,38851326495267266584996
151,,from,0x1b84765de8b7566e4ceaf4d0fd3c5af52d3dde4f,,0x67f60b0891ebd842ebe55e4ccca1098d7aac1a55,2022-01-11 00:00:00.000 UTC,0x0af91fa049a7e1894f480bfe5bba20142c6c29a9,,110000000000000000000000
152,,from,0x1b84765de8b7566e4ceaf4d0fd3c5af52d3dde4f,,0x67f60b0891ebd842ebe55e4ccca1098d7aac1a55,2022-01-08 00:00:00.000 UTC,0x0af91fa049a7e1894f480bfe5bba20142c6c29a9,,53432068882542812531077
153,,from,0x1b84765de8b7566e4ceaf4d0fd3c5af52d3dde4f,,0x67f60b0891ebd842ebe55e4ccca1098d7aac1a55,2023-01-09 00:00:00.000 UTC,0x6126ba8ac906e7e15095392ad6ea03c48adceace,,300000000000000000000000
154,,from,0x1b84765de8b7566e4ceaf4d0fd3c5af52d3dde4f,,0x67f60b0891ebd842ebe55e4ccca1098d7aac1a55,2022-01-05 00:00:00.000 UTC,0x0af91fa049a7e1894f480bfe5bba20142c6c29a9,,60000000000000000000000
155,,from,0x1b84765de8b7566e4ceaf4d0fd3c5af52d3dde4f,,0x67f60b0891ebd842ebe55e4ccca1098d7aac1a55,2021-11-22 00:00:00.000 UTC,0x42980e3e602178354e065723d9652bef79ae3673,,30000000000000000000000
156,,from,0x1b84765de8b7566e4ceaf4d0fd3c5af52d3dde4f,,0x67f60b0891ebd842ebe55e4ccca1098d7aac1a55,2022-01-15 00:00:00.000 UTC,0xb3dad3c24a861b84fdf380b212662620627d4e15,,100000000000000000000000
157,,from,0x1b84765de8b7566e4ceaf4d0fd3c5af52d3dde4f,,0x67f60b0891ebd842ebe55e4ccca1098d7aac1a55,2022-02-16 00:00:00.000 UTC,0x19eb7d50e97bb8bffc1fb60964c29bfa3a706aee,,5000000000000000000000
158,,from,0x1b84765de8b7566e4ceaf4d0fd3c5af52d3dde4f,,0x67f60b0891ebd842ebe55e4ccca1098d7aac1a55,2022-05-09 00:00:00.000 UTC,0x0000000000000000000000000000000000000000,,148261503255996030872940
159,,from,0x1b84765de8b7566e4ceaf4d0fd3c5af52d3dde4f,,0x67f60b0891ebd842ebe55e4ccca1098d7aac1a55,2023-02-22 00:00:00.000 UTC,0xb3dad3c24a861b84fdf380b212662620627d4e15,,64000000000000000000000
160,,from,0x1b84765de8b7566e4ceaf4d0fd3c5af52d3dde4f,,0x67f60b0891ebd842ebe55e4ccca1098d7aac1a55,2022-05-02 00:00:00.000 UTC,0x2d2c027e0d1a899a1965910dd272bcae1cd03c22,,15000000000000000000000
161,,from,0x1b84765de8b7566e4ceaf4d0fd3c5af52d3dde4f,,0x67f60b0891ebd842ebe55e4ccca1098d7aac1a55,2022-04-05 00:00:00.000 UTC,0x42980e3e602178354e065723d9652bef79ae3673,,10000000000000000000000
162,,from,0x1b84765de8b7566e4ceaf4d0fd3c5af52d3dde4f,,0x67f60b0891ebd842ebe55e4ccca1098d7aac1a55,2022-04-08 00:00:00.000 UTC,0xb3dad3c24a861b84fdf380b212662620627d4e15,,15000000000000000000000
163,,from,0x1b84765de8b7566e4ceaf4d0fd3c5af52d3dde4f,,0x67f60b0891ebd842ebe55e4ccca1098d7aac1a55,2022-06-02 00:00:00.000 UTC,0x2d2c027e0d1a899a1965910dd272bcae1cd03c22,,4500000000000000000000
164,,from,0x1b84765de8b7566e4ceaf4d0fd3c5af52d3dde4f,,0x67f60b0891ebd842ebe55e4ccca1098d7aac1a55,2022-04-29 00:00:00.000 UTC,0xb3dad3c24a861b84fdf380b212662620627d4e15,,20000000000000000000000
165,,from,0x1b84765de8b7566e4ceaf4d0fd3c5af52d3dde4f,,0x67f60b0891ebd842ebe55e4ccca1098d7aac1a55,2022-01-22 00:00:00.000 UTC,0xb3dad3c24a861b84fdf380b212662620627d4e15,,100000000000000000000000
166,,from,0x1b84765de8b7566e4ceaf4d0fd3c5af52d3dde4f,,0x67f60b0891ebd842ebe55e4ccca1098d7aac1a55,2022-03-10 00:00:00.000 UTC,0x0af91fa049a7e1894f480bfe5bba20142c6c29a9,,622488254611417633601133
167,,from,0x4a41775da459b38e641141e4c696df10ec1f4983,,0x67f60b0891ebd842ebe55e4ccca1098d7aac1a55,2022-03-29 00:00:00.000 UTC,0xa166e5595557abbd279180ff90ad77383b68d325,,673811050340138204360250
168,,from,0x1b84765de8b7566e4ceaf4d0fd3c5af52d3dde4f,,0x67f60b0891ebd842ebe55e4ccca1098d7aac1a55,2021-12-28 00:00:00.000 UTC,0xb3dad3c24a861b84fdf380b212662620627d4e15,,60000000000000000000000
169,,from,0x1b84765de8b7566e4ceaf4d0fd3c5af52d3dde4f,,0x67f60b0891ebd842ebe55e4ccca1098d7aac1a55,2023-07-07 00:00:00.000 UTC,0x6126ba8ac906e7e15095392ad6ea03c48adceace,,300000000000000000000000
170,,from,0x1b84765de8b7566e4ceaf4d0fd3c5af52d3dde4f,,0x67f60b0891ebd842ebe55e4ccca1098d7aac1a55,2021-10-22 00:00:00.000 UTC,0x235af07e770f474d24f5bf73074735892371b40d,,12000000000000000000000
171,,from,0x1b84765de8b7566e4ceaf4d0fd3c5af52d3dde4f,,0x67f60b0891ebd842ebe55e4ccca1098d7aac1a55,2022-06-08 00:00:00.000 UTC,0x8d5e390f7b2f8b69205ed0d797ee53a6cd957d67,,10000000000000000000000
172,,from,0x1b84765de8b7566e4ceaf4d0fd3c5af52d3dde4f,,0x67f60b0891ebd842ebe55e4ccca1098d7aac1a55,2021-11-24 00:00:00.000 UTC,0x0af91fa049a7e1894f480bfe5bba20142c6c29a9,,40000000000000000000000
173,,from,0x1b84765de8b7566e4ceaf4d0fd3c5af52d3dde4f,,0x67f60b0891ebd842ebe55e4ccca1098d7aac1a55,2022-07-04 00:00:00.000 UTC,0x0000000000000000000000000000000000000000,,513416692322384572002903
174,,from,0x1b84765de8b7566e4ceaf4d0fd3c5af52d3dde4f,,0x67f60b0891ebd842ebe55e4ccca1098d7aac1a55,2022-02-02 00:00:00.000 UTC,0xb3dad3c24a861b84fdf380b212662620627d4e15,,50000000000000000000000
175,,from,0x1b84765de8b7566e4ceaf4d0fd3c5af52d3dde4f,,0x67f60b0891ebd842ebe55e4ccca1098d7aac1a55,2023-04-06 00:00:00.000 UTC,0xcbec53c25728172bcc368fcc46c1b3da75356f4d,,3800000000000000000000
176,,from,0x1b84765de8b7566e4ceaf4d0fd3c5af52d3dde4f,,0x67f60b0891ebd842ebe55e4ccca1098d7aac1a55,2022-04-01 00:00:00.000 UTC,0x2d2c027e0d1a899a1965910dd272bcae1cd03c22,,5250000000000000000000
177,,from,0x1b84765de8b7566e4ceaf4d0fd3c5af52d3dde4f,,0x67f60b0891ebd842ebe55e4ccca1098d7aac1a55,2022-11-03 00:00:00.000 UTC,0x6126ba8ac906e7e15095392ad6ea03c48adceace,,300000000000000000000000
178,,from,0x1b84765de8b7566e4ceaf4d0fd3c5af52d3dde4f,,0x67f60b0891ebd842ebe55e4ccca1098d7aac1a55,2022-06-25 00:00:00.000 UTC,0xb3dad3c24a861b84fdf380b212662620627d4e15,,10133977130032186000765
179,,from,0x1b84765de8b7566e4ceaf4d0fd3c5af52d3dde4f,,0x67f60b0891ebd842ebe55e4ccca1098d7aac1a55,2022-06-14 00:00:00.000 UTC,0x9274a5596d7e95ae3631727f54290b48967091ac,,19999000000000000000000
180,,from,0x1b84765de8b7566e4ceaf4d0fd3c5af52d3dde4f,,0x67f60b0891ebd842ebe55e4ccca1098d7aac1a55,2022-01-01 00:00:00.000 UTC,0x0af91fa049a7e1894f480bfe5bba20142c6c29a9,,5000000000000000000000
181,,from,0x1b84765de8b7566e4ceaf4d0fd3c5af52d3dde4f,,0x67f60b0891ebd842ebe55e4ccca1098d7aac1a55,2022-03-20 00:00:00.000 UTC,0xb3dad3c24a861b84fdf380b212662620627d4e15,,30000000000000000000000
182,,from,0x1b84765de8b7566e4ceaf4d0fd3c5af52d3dde4f,,0x67f60b0891ebd842ebe55e4ccca1098d7aac1a55,2021-12-02 00:00:00.000 UTC,0xb3dad3c24a861b84fdf380b212662620627d4e15,,70000000000000000000000
183,,in,0x0642026e7f0b6ccac5925b4e7fa61384250e1701,,0x2796317b0ff8538f253012862c06787adfb8ceb6,2022-09-19 00:00:00.000 UTC,0x67f60b0891ebd842ebe55e4ccca1098d7aac1a55,,60000000000000000000
184,,from,0x1b84765de8b7566e4ceaf4d0fd3c5af52d3dde4f,,0x67f60b0891ebd842ebe55e4ccca1098d7aac1a55,2022-01-01 00:00:00.000 UTC,0x0af91fa049a7e1894f480bfe5bba20142c6c29a9,,200000000000000000000000
185,,in,0x71ab77b7dbb4fa7e017bc15090b2163221420282,18.0,0x2796317b0ff8538f253012862c06787adfb8ceb6,2021-10-24 00:00:00.000 UTC,0x67f60b0891ebd842ebe55e4ccca1098d7aac1a55,high-highstreet-token,1468000000000000000000
186,ethereum,from,0x6b175474e89094c44da98b954eedeac495271d0f,18.0,0x67f60b0891ebd842ebe55e4ccca1098d7aac1a55,2022-10-07 00:00:00.000 UTC,0x38f197ae861db6db384ea8a6ad3d91a07dfe4c22,dai-dai,30000000000000000000000
187,ethereum,from,0x6b175474e89094c44da98b954eedeac495271d0f,18.0,0x67f60b0891ebd842ebe55e4ccca1098d7aac1a55,2022-04-11 00:00:00.000 UTC,0x220bda5c8994804ac96ebe4df184d25e5c2196d4,dai-dai,353473949895384299467947
188,,in,0x71ab77b7dbb4fa7e017bc15090b2163221420282,18.0,0x2796317b0ff8538f253012862c06787adfb8ceb6,2022-03-20 00:00:00.000 UTC,0x67f60b0891ebd842ebe55e4ccca1098d7aac1a55,high-highstreet-token,40000000000000000000
189,ethereum,from,0x6b175474e89094c44da98b954eedeac495271d0f,18.0,0x67f60b0891ebd842ebe55e4ccca1098d7aac1a55,2021-11-12 00:00:00.000 UTC,0x60594a405d53811d3bc4766596efd80fd545a270,dai-dai,14494406243827144867039
190,,from,0x6b175474e89094c44da98b954eedeac495271d0f,18.0,0x67f60b0891ebd842ebe55e4ccca1098d7aac1a55,2022-12-13 00:00:00.000 UTC,0x4e97734c3aed77db7f8463091656b01298cc203d,dai-dai,15000000000000000000000
191,,in,0x7379cbce70bba5a9871f97d33b391afba377e885,,0xdac17f958d2ee523a2206206994597c13d831ec7,2022-07-23 00:00:00.000 UTC,0x67f60b0891ebd842ebe55e4ccca1098d7aac1a55,,400000000000000000000
192,,in,0x1b84765de8b7566e4ceaf4d0fd3c5af52d3dde4f,,0x2796317b0ff8538f253012862c06787adfb8ceb6,2022-10-02 00:00:00.000 UTC,0x67f60b0891ebd842ebe55e4ccca1098d7aac1a55,,299640000000000000000000
193,,in,0x1b84765de8b7566e4ceaf4d0fd3c5af52d3dde4f,,0x2796317b0ff8538f253012862c06787adfb8ceb6,2022-09-19 00:00:00.000 UTC,0x67f60b0891ebd842ebe55e4ccca1098d7aac1a55,,311676694518280406695163
194,,in,0x19c39384a87ed1191a6dec876349aa0a86b822ff,,0x55fe002aeff02f77364de339a1292923a15844b8,2023-06-29 00:00:00.000 UTC,0x67f60b0891ebd842ebe55e4ccca1098d7aac1a55,,9000
195,,in,0x1b84765de8b7566e4ceaf4d0fd3c5af52d3dde4f,,0x2796317b0ff8538f253012862c06787adfb8ceb6,2023-02-09 00:00:00.000 UTC,0x67f60b0891ebd842ebe55e4ccca1098d7aac1a55,,840006860704000000000000
196,,in,0x71ab77b7dbb4fa7e017bc15090b2163221420282,18.0,0x2796317b0ff8538f253012862c06787adfb8ceb6,2022-02-18 00:00:00.000 UTC,0x67f60b0891ebd842ebe55e4ccca1098d7aac1a55,high-highstreet-token,28000000000000000000
197,,in,0x1b84765de8b7566e4ceaf4d0fd3c5af52d3dde4f,,0x2796317b0ff8538f253012862c06787adfb8ceb6,2022-05-10 00:00:00.000 UTC,0x67f60b0891ebd842ebe55e4ccca1098d7aac1a55,,157820167130032186000765
198,,in,0x71ab77b7dbb4fa7e017bc15090b2163221420282,18.0,0x2796317b0ff8538f253012862c06787adfb8ceb6,2022-07-04 00:00:00.000 UTC,0x67f60b0891ebd842ebe55e4ccca1098d7aac1a55,high-highstreet-token,38600000000000661645
199,,in,0x1b84765de8b7566e4ceaf4d0fd3c5af52d3dde4f,,0x2796317b0ff8538f253012862c06787adfb8ceb6,2022-04-29 00:00:00.000 UTC,0x67f60b0891ebd842ebe55e4ccca1098d7aac1a55,,220261503255996030872940
200,,in,0xbce29553494a3695e7d10589f84cc9d59f2642d1,,0xa92030374816e9ee233ed58cfc6cb5b0a7d27caa,2022-02-20 00:00:00.000 UTC,0x67f60b0891ebd842ebe55e4ccca1098d7aac1a55,,2852683232166099039685228
201,,in,0x19383f024ba4c06e44d11a8b8bb7ebf87fab184c,,0x3af4788ade7a75b90c0d8f59017f3ef56b51b84e,2022-09-20 00:00:00.000 UTC,0x67f60b0891ebd842ebe55e4ccca1098d7aac1a55,,131387000000000000000000
202,,in,0x0ab87046fbb341d058f17cbc4c1133f25a20a52f,,0x2796317b0ff8538f253012862c06787adfb8ceb6,2022-09-19 00:00:00.000 UTC,0x67f60b0891ebd842ebe55e4ccca1098d7aac1a55,,6427322205557580419
203,,in,0x6545b409acdd7e1be14c835b5c3b826c5d312d02,,0x7951c7ef839e26f63da87a42c9a87986507f1c07,2022-11-27 00:00:00.000 UTC,0x67f60b0891ebd842ebe55e4ccca1098d7aac1a55,,9
204,,from,0x0ab87046fbb341d058f17cbc4c1133f25a20a52f,,0x67f60b0891ebd842ebe55e4ccca1098d7aac1a55,2022-11-03 00:00:00.000 UTC,0x16e77154a3fb91f73f02718ca16f0268b757e2c7,,11300000000000000000
205,,in,0x3b0811f422cf7e9a46e7ce22b1425a57949b5360,,0x9ce950fb82b9112a27d1e8af1c4cc0a514fb0431,2022-10-06 00:00:00.000 UTC,0x67f60b0891ebd842ebe55e4ccca1098d7aac1a55,,1098718000
206,,in,0x768ee58b2e288d3f09d4a42479d9f45cce40b0c4,,0x9d551f41fed6fc27b719777c224dfecce170004d,2022-08-21 00:00:00.000 UTC,0x67f60b0891ebd842ebe55e4ccca1098d7aac1a55,,26673000000000000000000
207,,in,0x106eebf11f34ecccad59c1ca9398d828765f64f8,,0x6b175474e89094c44da98b954eedeac495271d0f,2022-09-05 00:00:00.000 UTC,0x67f60b0891ebd842ebe55e4ccca1098d7aac1a55,,752000000000000000000
208,,in,0x0ab87046fbb341d058f17cbc4c1133f25a20a52f,,0x2796317b0ff8538f253012862c06787adfb8ceb6,2022-01-20 00:00:00.000 UTC,0x67f60b0891ebd842ebe55e4ccca1098d7aac1a55,,7232406613237793417
209,,in,0x0ab87046fbb341d058f17cbc4c1133f25a20a52f,,0x2796317b0ff8538f253012862c06787adfb8ceb6,2022-02-02 00:00:00.000 UTC,0x67f60b0891ebd842ebe55e4ccca1098d7aac1a55,,2367694853384491931
210,,in,0x0ab87046fbb341d058f17cbc4c1133f25a20a52f,,0x2796317b0ff8538f253012862c06787adfb8ceb6,2022-04-29 00:00:00.000 UTC,0x67f60b0891ebd842ebe55e4ccca1098d7aac1a55,,2156883520019932473
211,,in,0x514910771af9ca656af840dff83e8264ecf986ca,18.0,0x2796317b0ff8538f253012862c06787adfb8ceb6,2022-12-13 00:00:00.000 UTC,0x67f60b0891ebd842ebe55e4ccca1098d7aac1a55,link-chainlink,1600000000000000000
212,,from,0x0ab87046fbb341d058f17cbc4c1133f25a20a52f,,0x67f60b0891ebd842ebe55e4ccca1098d7aac1a55,2022-10-07 00:00:00.000 UTC,0x16e77154a3fb91f73f02718ca16f0268b757e2c7,,11400000000000000000
213,,in,0x02b5453d92b730f29a86a0d5ef6e930c4cf8860b,,0x2796317b0ff8538f253012862c06787adfb8ceb6,2022-12-13 00:00:00.000 UTC,0x67f60b0891ebd842ebe55e4ccca1098d7aac1a55,,40000000000000000000
214,,in,0xc7283b66eb1eb5fb86327f08e1b5816b0720212b,18.0,0x9e1076cc0d19f9b0b8019f384b0a29e48ee46f7f,2021-12-21 00:00:00.000 UTC,0x67f60b0891ebd842ebe55e4ccca1098d7aac1a55,tribe-tribe,16825200893726725866513
215,,in,0xc7283b66eb1eb5fb86327f08e1b5816b0720212b,18.0,0x9e1076cc0d19f9b0b8019f384b0a29e48ee46f7f,2022-01-20 00:00:00.000 UTC,0x67f60b0891ebd842ebe55e4ccca1098d7aac1a55,tribe-tribe,403947924210526315789473
216,,in,0xc7283b66eb1eb5fb86327f08e1b5816b0720212b,18.0,0x9e1076cc0d19f9b0b8019f384b0a29e48ee46f7f,2022-02-19 00:00:00.000 UTC,0x67f60b0891ebd842ebe55e4ccca1098d7aac1a55,tribe-tribe,347026619747965238926024
217,,in,0xc7283b66eb1eb5fb86327f08e1b5816b0720212b,18.0,0x9e1076cc0d19f9b0b8019f384b0a29e48ee46f7f,2021-12-20 00:00:00.000 UTC,0x67f60b0891ebd842ebe55e4ccca1098d7aac1a55,tribe-tribe,108018823999935883693018
218,,in,0xc7283b66eb1eb5fb86327f08e1b5816b0720212b,18.0,0x9e1076cc0d19f9b0b8019f384b0a29e48ee46f7f,2021-12-06 00:00:00.000 UTC,0x67f60b0891ebd842ebe55e4ccca1098d7aac1a55,tribe-tribe,9708224299065420560
219,,in,0x02b5453d92b730f29a86a0d5ef6e930c4cf8860b,,0x2796317b0ff8538f253012862c06787adfb8ceb6,2022-09-19 00:00:00.000 UTC,0x67f60b0891ebd842ebe55e4ccca1098d7aac1a55,,120000000000000000000
220,,in,0xc7283b66eb1eb5fb86327f08e1b5816b0720212b,18.0,0x9e1076cc0d19f9b0b8019f384b0a29e48ee46f7f,2021-12-13 00:00:00.000 UTC,0x67f60b0891ebd842ebe55e4ccca1098d7aac1a55,tribe-tribe,107748390522648083623693
221,,in,0xc7283b66eb1eb5fb86327f08e1b5816b0720212b,18.0,0x9e1076cc0d19f9b0b8019f384b0a29e48ee46f7f,2022-03-21 00:00:00.000 UTC,0x67f60b0891ebd842ebe55e4ccca1098d7aac1a55,tribe-tribe,110388353137146029983342
222,,in,0x02b5453d92b730f29a86a0d5ef6e930c4cf8860b,,0x2796317b0ff8538f253012862c06787adfb8ceb6,2022-04-11 00:00:00.000 UTC,0x67f60b0891ebd842ebe55e4ccca1098d7aac1a55,,700000000000000000000
223,,in,0x0ab87046fbb341d058f17cbc4c1133f25a20a52f,,0x2796317b0ff8538f253012862c06787adfb8ceb6,2023-06-29 00:00:00.000 UTC,0x67f60b0891ebd842ebe55e4ccca1098d7aac1a55,,4558702749833539454
224,,in,0x0ab87046fbb341d058f17cbc4c1133f25a20a52f,,0x2796317b0ff8538f253012862c06787adfb8ceb6,2023-02-07 00:00:00.000 UTC,0x67f60b0891ebd842ebe55e4ccca1098d7aac1a55,,2794650332233323083
225,,in,0x0ab87046fbb341d058f17cbc4c1133f25a20a52f,,0x2796317b0ff8538f253012862c06787adfb8ceb6,2022-02-18 00:00:00.000 UTC,0x67f60b0891ebd842ebe55e4ccca1098d7aac1a55,,1929916103070575700
226,,in,0x643695d282f6ba237afe27ffe0acd89a86b50d3e,,0xa0b86991c6218b36c1d19d4a2e9eb0ce3606eb48,2022-12-25 00:00:00.000 UTC,0x67f60b0891ebd842ebe55e4ccca1098d7aac1a55,,7000
227,,from,0x0ab87046fbb341d058f17cbc4c1133f25a20a52f,,0x67f60b0891ebd842ebe55e4ccca1098d7aac1a55,2022-11-03 00:00:00.000 UTC,0x233adb3a8fb5c50174f861d5b6d6d201b3f91961,,11300000000000000000
228,,in,0x514910771af9ca656af840dff83e8264ecf986ca,18.0,0x2796317b0ff8538f253012862c06787adfb8ceb6,2023-06-29 00:00:00.000 UTC,0x67f60b0891ebd842ebe55e4ccca1098d7aac1a55,link-chainlink,1600000000000000000
229,,in,0x0ab87046fbb341d058f17cbc4c1133f25a20a52f,,0x2796317b0ff8538f253012862c06787adfb8ceb6,2022-12-13 00:00:00.000 UTC,0x67f60b0891ebd842ebe55e4ccca1098d7aac1a55,,9019892988184420666
230,,in,0x0ab87046fbb341d058f17cbc4c1133f25a20a52f,,0x2796317b0ff8538f253012862c06787adfb8ceb6,2022-03-20 00:00:00.000 UTC,0x67f60b0891ebd842ebe55e4ccca1098d7aac1a55,,948128211117794586
231,,in,0x0ab87046fbb341d058f17cbc4c1133f25a20a52f,,0x2796317b0ff8538f253012862c06787adfb8ceb6,2022-04-11 00:00:00.000 UTC,0x67f60b0891ebd842ebe55e4ccca1098d7aac1a55,,2468852032599030187
232,,in,0x0ab87046fbb341d058f17cbc4c1133f25a20a52f,,0x2796317b0ff8538f253012862c06787adfb8ceb6,2022-07-04 00:00:00.000 UTC,0x67f60b0891ebd842ebe55e4ccca1098d7aac1a55,,9755536097180611373
233,,in,0xa8d7f5e7c78ed0fa097cc5ec66c1dc3104c9bbeb,,0x2796317b0ff8538f253012862c06787adfb8ceb6,2022-04-29 00:00:00.000 UTC,0x67f60b0891ebd842ebe55e4ccca1098d7aac1a55,,60000000000000000000
234,,in,0xa8d7f5e7c78ed0fa097cc5ec66c1dc3104c9bbeb,,0x2796317b0ff8538f253012862c06787adfb8ceb6,2022-09-19 00:00:00.000 UTC,0x67f60b0891ebd842ebe55e4ccca1098d7aac1a55,,30000000000000000000
235,,in,0x0ab87046fbb341d058f17cbc4c1133f25a20a52f,,0x2796317b0ff8538f253012862c06787adfb8ceb6,2022-03-09 00:00:00.000 UTC,0x67f60b0891ebd842ebe55e4ccca1098d7aac1a55,,2378473162246902587
236,,in,0x525fc44cbe181c1108c209091b5eec5a5028190d,,0x3ddfa8ec3052539b6c9549f12cea2c295cff5296,2022-12-19 00:00:00.000 UTC,0x67f60b0891ebd842ebe55e4ccca1098d7aac1a55,,2500
237,,in,0xbf5fb1563ef58ba41325454ca61cc3d62bd40744,,0xdf5faa56443098af17baffc510da8dee34b0e75c,2022-08-25 00:00:00.000 UTC,0x67f60b0891ebd842ebe55e4ccca1098d7aac1a55,,3366276000000000000000000
238,,in,0x7d1a6a4f806a4a64ad32e7f2350e176ea6b9a1f6,,0x49f5d5a22b804d1de15328330a5794bf63613b6b,2022-10-29 00:00:00.000 UTC,0x67f60b0891ebd842ebe55e4ccca1098d7aac1a55,,55298000000000000000000
239,ethereum,from,0x6b175474e89094c44da98b954eedeac495271d0f,18.0,0x67f60b0891ebd842ebe55e4ccca1098d7aac1a55,2022-08-23 00:00:00.000 UTC,0xa3baa33933f936e9c686366d23bde2b239d2658b,dai-dai,24000000000000000000000
240,ethereum,from,0x6b175474e89094c44da98b954eedeac495271d0f,18.0,0x67f60b0891ebd842ebe55e4ccca1098d7aac1a55,2022-03-10 00:00:00.000 UTC,0x5777d92f208679db4b9778590fa3cab3ac9e2168,dai-dai,583903080137594926037217
241,,from,0x853d955acef822db058eb8505911ed77f175b99e,18.0,0x67f60b0891ebd842ebe55e4ccca1098d7aac1a55,2022-03-10 00:00:00.000 UTC,0xc63b0708e2f7e69cb8a1df0e1389a98c35a76d52,frax-frax,17304217267510494282637
242,,from,0x853d955acef822db058eb8505911ed77f175b99e,18.0,0x67f60b0891ebd842ebe55e4ccca1098d7aac1a55,2021-12-17 00:00:00.000 UTC,0xb3dad3c24a861b84fdf380b212662620627d4e15,frax-frax,10000000000000000000000
243,,in,0x853d955acef822db058eb8505911ed77f175b99e,18.0,0x2796317b0ff8538f253012862c06787adfb8ceb6,2022-12-13 00:00:00.000 UTC,0x67f60b0891ebd842ebe55e4ccca1098d7aac1a55,frax-frax,300000000000000000000
244,,in,0x1b84765de8b7566e4ceaf4d0fd3c5af52d3dde4f,,0x2796317b0ff8538f253012862c06787adfb8ceb6,2022-12-06 00:00:00.000 UTC,0x67f60b0891ebd842ebe55e4ccca1098d7aac1a55,,319476494422023677465595
245,,in,0x1b84765de8b7566e4ceaf4d0fd3c5af52d3dde4f,,0x2796317b0ff8538f253012862c06787adfb8ceb6,2022-01-10 00:00:00.000 UTC,0x67f60b0891ebd842ebe55e4ccca1098d7aac1a55,,362832679590428431262788
246,ethereum,from,0x6b175474e89094c44da98b954eedeac495271d0f,18.0,0x67f60b0891ebd842ebe55e4ccca1098d7aac1a55,2022-09-28 00:00:00.000 UTC,0x2988ffede2af2b164dffe9821ed79a0d551c8545,dai-dai,18750000000000000000000
247,ethereum,from,0x6b175474e89094c44da98b954eedeac495271d0f,18.0,0x67f60b0891ebd842ebe55e4ccca1098d7aac1a55,2022-07-13 00:00:00.000 UTC,0x52efc07c5f9dec03de3f45f5a9344ae6643bfdbf,dai-dai,20000000000000000000000
248,,from,0x6b175474e89094c44da98b954eedeac495271d0f,18.0,0x67f60b0891ebd842ebe55e4ccca1098d7aac1a55,2022-12-13 00:00:00.000 UTC,0x9f97c1bb5a96ff816e87d58fb54030750da6b700,dai-dai,15000000000000000000000
249,,in,0x71ab77b7dbb4fa7e017bc15090b2163221420282,18.0,0x2796317b0ff8538f253012862c06787adfb8ceb6,2023-06-29 00:00:00.000 UTC,0x67f60b0891ebd842ebe55e4ccca1098d7aac1a55,high-highstreet-token,32000000000000000000
250,,in,0x38715ab4b9d4e00890773d7338d94778b0dfc0a8,,0x3af4788ade7a75b90c0d8f59017f3ef56b51b84e,2022-09-23 00:00:00.000 UTC,0x67f60b0891ebd842ebe55e4ccca1098d7aac1a55,,131387000000000000000000
251,,in,0x1b84765de8b7566e4ceaf4d0fd3c5af52d3dde4f,,0x2796317b0ff8538f253012862c06787adfb8ceb6,2021-08-20 00:00:00.000 UTC,0x67f60b0891ebd842ebe55e4ccca1098d7aac1a55,,1000000000000000000
252,,in,0x71ab77b7dbb4fa7e017bc15090b2163221420282,18.0,0x2796317b0ff8538f253012862c06787adfb8ceb6,2022-04-29 00:00:00.000 UTC,0x67f60b0891ebd842ebe55e4ccca1098d7aac1a55,high-highstreet-token,16000000000000000000
253,,in,0x71ab77b7dbb4fa7e017bc15090b2163221420282,18.0,0x2796317b0ff8538f253012862c06787adfb8ceb6,2023-02-07 00:00:00.000 UTC,0x67f60b0891ebd842ebe55e4ccca1098d7aac1a55,high-highstreet-token,8000000000000000000
254,,in,0x1b84765de8b7566e4ceaf4d0fd3c5af52d3dde4f,,0x2796317b0ff8538f253012862c06787adfb8ceb6,2021-10-06 00:00:00.000 UTC,0x67f60b0891ebd842ebe55e4ccca1098d7aac1a55,,39248681818859086286045
255,,in,0x1b84765de8b7566e4ceaf4d0fd3c5af52d3dde4f,,0x2796317b0ff8538f253012862c06787adfb8ceb6,2021-12-01 00:00:00.000 UTC,0x67f60b0891ebd842ebe55e4ccca1098d7aac1a55,,193639403316029382084110
256,,in,0x1b84765de8b7566e4ceaf4d0fd3c5af52d3dde4f,,0x2796317b0ff8538f253012862c06787adfb8ceb6,2023-04-06 00:00:00.000 UTC,0x67f60b0891ebd842ebe55e4ccca1098d7aac1a55,,443305469898444116447521
257,,in,0x71ab77b7dbb4fa7e017bc15090b2163221420282,18.0,0x2796317b0ff8538f253012862c06787adfb8ceb6,2022-04-11 00:00:00.000 UTC,0x67f60b0891ebd842ebe55e4ccca1098d7aac1a55,high-highstreet-token,32000000000000000000
258,,in,0x71ab77b7dbb4fa7e017bc15090b2163221420282,18.0,0x2796317b0ff8538f253012862c06787adfb8ceb6,2022-02-02 00:00:00.000 UTC,0x67f60b0891ebd842ebe55e4ccca1098d7aac1a55,high-highstreet-token,28492699665828885641
259,,in,0x1b84765de8b7566e4ceaf4d0fd3c5af52d3dde4f,,0x2796317b0ff8538f253012862c06787adfb8ceb6,2021-10-08 00:00:00.000 UTC,0x67f60b0891ebd842ebe55e4ccca1098d7aac1a55,,5040000000000000000000
260,,in,0x1b84765de8b7566e4ceaf4d0fd3c5af52d3dde4f,,0x2796317b0ff8538f253012862c06787adfb8ceb6,2023-01-04 00:00:00.000 UTC,0x67f60b0891ebd842ebe55e4ccca1098d7aac1a55,,454556545588598459332346
261,,in,0x1b84765de8b7566e4ceaf4d0fd3c5af52d3dde4f,,0x2796317b0ff8538f253012862c06787adfb8ceb6,2022-03-09 00:00:00.000 UTC,0x67f60b0891ebd842ebe55e4ccca1098d7aac1a55,,622488254611417633601133
262,,in,0x4a41775da459b38e641141e4c696df10ec1f4983,,0xa166e5595557abbd279180ff90ad77383b68d325,2022-03-29 00:00:00.000 UTC,0x67f60b0891ebd842ebe55e4ccca1098d7aac1a55,,673811050340138204360250
263,,in,0x71ab77b7dbb4fa7e017bc15090b2163221420282,18.0,0x2796317b0ff8538f253012862c06787adfb8ceb6,2022-12-13 00:00:00.000 UTC,0x67f60b0891ebd842ebe55e4ccca1098d7aac1a55,high-highstreet-token,61580880647544503700
264,,in,0x71ab77b7dbb4fa7e017bc15090b2163221420282,18.0,0x2796317b0ff8538f253012862c06787adfb8ceb6,2022-03-09 00:00:00.000 UTC,0x67f60b0891ebd842ebe55e4ccca1098d7aac1a55,high-highstreet-token,20000000000000000000
265,,in,0x1b84765de8b7566e4ceaf4d0fd3c5af52d3dde4f,,0x2796317b0ff8538f253012862c06787adfb8ceb6,2022-03-20 00:00:00.000 UTC,0x67f60b0891ebd842ebe55e4ccca1098d7aac1a55,,145247369106385150513841
266,,in,0x1b84765de8b7566e4ceaf4d0fd3c5af52d3dde4f,,0x2796317b0ff8538f253012862c06787adfb8ceb6,2022-12-13 00:00:00.000 UTC,0x67f60b0891ebd842ebe55e4ccca1098d7aac1a55,,30577190032014733621896
267,,in,0x1b84765de8b7566e4ceaf4d0fd3c5af52d3dde4f,,0x2796317b0ff8538f253012862c06787adfb8ceb6,2023-02-07 00:00:00.000 UTC,0x67f60b0891ebd842ebe55e4ccca1098d7aac1a55,,226713551284400961448992
268,,in,0x38715ab4b9d4e00890773d7338d94778b0dfc0a8,,0x3af4788ade7a75b90c0d8f59017f3ef56b51b84e,2022-09-24 00:00:00.000 UTC,0x67f60b0891ebd842ebe55e4ccca1098d7aac1a55,,131387000000000000000000
269,,in,0x1b84765de8b7566e4ceaf4d0fd3c5af52d3dde4f,,0x2796317b0ff8538f253012862c06787adfb8ceb6,2022-11-01 00:00:00.000 UTC,0x67f60b0891ebd842ebe55e4ccca1098d7aac1a55,,331831324000000000000000
270,,in,0x1b84765de8b7566e4ceaf4d0fd3c5af52d3dde4f,,0x2796317b0ff8538f253012862c06787adfb8ceb6,2023-06-29 00:00:00.000 UTC,0x67f60b0891ebd842ebe55e4ccca1098d7aac1a55,,310649836329801933369299
271,,in,0x1b84765de8b7566e4ceaf4d0fd3c5af52d3dde4f,,0x2796317b0ff8538f253012862c06787adfb8ceb6,2022-07-04 00:00:00.000 UTC,0x67f60b0891ebd842ebe55e4ccca1098d7aac1a55,,513416692322384572002903
272,,in,0x1b84765de8b7566e4ceaf4d0fd3c5af52d3dde4f,,0x2796317b0ff8538f253012862c06787adfb8ceb6,2022-04-11 00:00:00.000 UTC,0x67f60b0891ebd842ebe55e4ccca1098d7aac1a55,,318030819629285683560760
273,,in,0x1b84765de8b7566e4ceaf4d0fd3c5af52d3dde4f,,0x2796317b0ff8538f253012862c06787adfb8ceb6,2021-10-24 00:00:00.000 UTC,0x67f60b0891ebd842ebe55e4ccca1098d7aac1a55,,5507722921118734810736
274,,in,0x1b84765de8b7566e4ceaf4d0fd3c5af52d3dde4f,,0x2796317b0ff8538f253012862c06787adfb8ceb6,2022-01-20 00:00:00.000 UTC,0x67f60b0891ebd842ebe55e4ccca1098d7aac1a55,,357375207758324488306930
275,,in,0x71ab77b7dbb4fa7e017bc15090b2163221420282,18.0,0x2796317b0ff8538f253012862c06787adfb8ceb6,2022-01-20 00:00:00.000 UTC,0x67f60b0891ebd842ebe55e4ccca1098d7aac1a55,high-highstreet-token,1330906000000000000000
276,,in,0x1b84765de8b7566e4ceaf4d0fd3c5af52d3dde4f,,0x2796317b0ff8538f253012862c06787adfb8ceb6,2021-10-22 00:00:00.000 UTC,0x67f60b0891ebd842ebe55e4ccca1098d7aac1a55,,65712426424823021885870
277,,in,0x1b84765de8b7566e4ceaf4d0fd3c5af52d3dde4f,,0x2796317b0ff8538f253012862c06787adfb8ceb6,2022-02-02 00:00:00.000 UTC,0x67f60b0891ebd842ebe55e4ccca1098d7aac1a55,,446028485038299269474830
278,,in,0x71ab77b7dbb4fa7e017bc15090b2163221420282,18.0,0x2796317b0ff8538f253012862c06787adfb8ceb6,2022-09-19 00:00:00.000 UTC,0x67f60b0891ebd842ebe55e4ccca1098d7aac1a55,high-highstreet-token,52000000000000000000
279,,in,0x1b84765de8b7566e4ceaf4d0fd3c5af52d3dde4f,,0x2796317b0ff8538f253012862c06787adfb8ceb6,2021-11-22 00:00:00.000 UTC,0x67f60b0891ebd842ebe55e4ccca1098d7aac1a55,,108851326495267266584996
280,,in,0x1b84765de8b7566e4ceaf4d0fd3c5af52d3dde4f,,0x2796317b0ff8538f253012862c06787adfb8ceb6,2021-12-28 00:00:00.000 UTC,0x67f60b0891ebd842ebe55e4ccca1098d7aac1a55,,538432068882542812531077
281,,in,0x1b84765de8b7566e4ceaf4d0fd3c5af52d3dde4f,,0x2796317b0ff8538f253012862c06787adfb8ceb6,2023-02-07 00:00:00.000 UTC,0x67f60b0891ebd842ebe55e4ccca1098d7aac1a55,,388694801518609903145806
282,,in,0x9ae357521153fb07be6f5792ce7a49752638fbb7,,0xd7df5bf3b8d2bd159664df54a30101d7faf6ca26,2022-08-18 00:00:00.000 UTC,0x67f60b0891ebd842ebe55e4ccca1098d7aac1a55,,1769276000000000000000000
283,ethereum,in,0x2260fac5e5542a773aa44fbcfedf7c193bc2c599,8.0,0x2796317b0ff8538f253012862c06787adfb8ceb6,2023-02-07 00:00:00.000 UTC,0x67f60b0891ebd842ebe55e4ccca1098d7aac1a55,wbtc-wrapped-bitcoin,449700
284,ethereum,in,0x853d955acef822db058eb8505911ed77f175b99e,18.0,0x0d745ad687f2b1e1941569f09f612f60ad4ad5bc,2023-01-19 00:00:00.000 UTC,0x67f60b0891ebd842ebe55e4ccca1098d7aac1a55,frax-frax,66026607486865530742781
285,,in,0x853d955acef822db058eb8505911ed77f175b99e,18.0,0x2796317b0ff8538f253012862c06787adfb8ceb6,2022-04-11 00:00:00.000 UTC,0x67f60b0891ebd842ebe55e4ccca1098d7aac1a55,frax-frax,4602934058802813763490
286,,in,0x853d955acef822db058eb8505911ed77f175b99e,18.0,0x2796317b0ff8538f253012862c06787adfb8ceb6,2022-02-18 00:00:00.000 UTC,0x67f60b0891ebd842ebe55e4ccca1098d7aac1a55,frax-frax,10736835647366552105047
287,ethereum,in,0x2260fac5e5542a773aa44fbcfedf7c193bc2c599,8.0,0x2796317b0ff8538f253012862c06787adfb8ceb6,2022-09-19 00:00:00.000 UTC,0x67f60b0891ebd842ebe55e4ccca1098d7aac1a55,wbtc-wrapped-bitcoin,7193233
288,,in,0x853d955acef822db058eb8505911ed77f175b99e,18.0,0x2796317b0ff8538f253012862c06787adfb8ceb6,2022-03-20 00:00:00.000 UTC,0x67f60b0891ebd842ebe55e4ccca1098d7aac1a55,frax-frax,1700000000000000000000
289,ethereum,in,0x853d955acef822db058eb8505911ed77f175b99e,18.0,0x2796317b0ff8538f253012862c06787adfb8ceb6,2023-02-07 00:00:00.000 UTC,0x67f60b0891ebd842ebe55e4ccca1098d7aac1a55,frax-frax,200000000000000000000
290,ethereum,in,0x2260fac5e5542a773aa44fbcfedf7c193bc2c599,8.0,0x2796317b0ff8538f253012862c06787adfb8ceb6,2023-06-29 00:00:00.000 UTC,0x67f60b0891ebd842ebe55e4ccca1098d7aac1a55,wbtc-wrapped-bitcoin,1402943
291,,in,0x853d955acef822db058eb8505911ed77f175b99e,18.0,0x2796317b0ff8538f253012862c06787adfb8ceb6,2022-02-02 00:00:00.000 UTC,0x67f60b0891ebd842ebe55e4ccca1098d7aac1a55,frax-frax,14399481620143942177590
292,,in,0x853d955acef822db058eb8505911ed77f175b99e,18.0,0x2796317b0ff8538f253012862c06787adfb8ceb6,2022-09-19 00:00:00.000 UTC,0x67f60b0891ebd842ebe55e4ccca1098d7aac1a55,frax-frax,6539128828661710800050
293,,in,0x853d955acef822db058eb8505911ed77f175b99e,18.0,0x2796317b0ff8538f253012862c06787adfb8ceb6,2023-06-29 00:00:00.000 UTC,0x67f60b0891ebd842ebe55e4ccca1098d7aac1a55,frax-frax,300000000000000000000
294,ethereum,in,0x2260fac5e5542a773aa44fbcfedf7c193bc2c599,8.0,0x2796317b0ff8538f253012862c06787adfb8ceb6,2022-07-04 00:00:00.000 UTC,0x67f60b0891ebd842ebe55e4ccca1098d7aac1a55,wbtc-wrapped-bitcoin,1100530
295,,in,0x853d955acef822db058eb8505911ed77f175b99e,18.0,0x2796317b0ff8538f253012862c06787adfb8ceb6,2022-04-29 00:00:00.000 UTC,0x67f60b0891ebd842ebe55e4ccca1098d7aac1a55,frax-frax,6422430686076545318188
296,,from,0x853d955acef822db058eb8505911ed77f175b99e,18.0,0x67f60b0891ebd842ebe55e4ccca1098d7aac1a55,2022-02-23 00:00:00.000 UTC,0x2d2c027e0d1a899a1965910dd272bcae1cd03c22,frax-frax,5432100000000000000000
297,,from,0x853d955acef822db058eb8505911ed77f175b99e,18.0,0x67f60b0891ebd842ebe55e4ccca1098d7aac1a55,2022-07-04 00:00:00.000 UTC,0x2d2c027e0d1a899a1965910dd272bcae1cd03c22,frax-frax,22500000000000000000000
298,,from,0x853d955acef822db058eb8505911ed77f175b99e,18.0,0x67f60b0891ebd842ebe55e4ccca1098d7aac1a55,2021-12-19 00:00:00.000 UTC,0xb3dad3c24a861b84fdf380b212662620627d4e15,frax-frax,26365341487424356948228
299,,from,0x853d955acef822db058eb8505911ed77f175b99e,18.0,0x67f60b0891ebd842ebe55e4ccca1098d7aac1a55,2021-12-17 00:00:00.000 UTC,0x0af91fa049a7e1894f480bfe5bba20142c6c29a9,frax-frax,30000000000000000000000
300,ethereum,from,0x853d955acef822db058eb8505911ed77f175b99e,18.0,0x67f60b0891ebd842ebe55e4ccca1098d7aac1a55,2023-01-19 00:00:00.000 UTC,0x2796317b0ff8538f253012862c06787adfb8ceb6,frax-frax,8905836746898349276536
301,,from,0x853d955acef822db058eb8505911ed77f175b99e,18.0,0x67f60b0891ebd842ebe55e4ccca1098d7aac1a55,2022-02-22 00:00:00.000 UTC,0xa08aae1fd06fb866896ecbecae9c7768f33e8a54,frax-frax,7000000000000000000000
302,,from,0x853d955acef822db058eb8505911ed77f175b99e,18.0,0x67f60b0891ebd842ebe55e4ccca1098d7aac1a55,2022-01-23 00:00:00.000 UTC,0x42980e3e602178354e065723d9652bef79ae3673,frax-frax,51993698455264451604363
303,ethereum,in,0x2260fac5e5542a773aa44fbcfedf7c193bc2c599,8.0,0x2796317b0ff8538f253012862c06787adfb8ceb6,2022-12-13 00:00:00.000 UTC,0x67f60b0891ebd842ebe55e4ccca1098d7aac1a55,wbtc-wrapped-bitcoin,1038229
304,,in,0x853d955acef822db058eb8505911ed77f175b99e,18.0,0x2796317b0ff8538f253012862c06787adfb8ceb6,2022-01-20 00:00:00.000 UTC,0x67f60b0891ebd842ebe55e4ccca1098d7aac1a55,frax-frax,51993698455264451604363
305,,in,0x853d955acef822db058eb8505911ed77f175b99e,18.0,0x2796317b0ff8538f253012862c06787adfb8ceb6,2021-12-17 00:00:00.000 UTC,0x67f60b0891ebd842ebe55e4ccca1098d7aac1a55,frax-frax,66365341487424356948228
306,,in,0x853d955acef822db058eb8505911ed77f175b99e,18.0,0x2796317b0ff8538f253012862c06787adfb8ceb6,2022-03-09 00:00:00.000 UTC,0x67f60b0891ebd842ebe55e4ccca1098d7aac1a55,frax-frax,4600000000000000000000
307,,in,0x853d955acef822db058eb8505911ed77f175b99e,18.0,0x2796317b0ff8538f253012862c06787adfb8ceb6,2022-07-04 00:00:00.000 UTC,0x67f60b0891ebd842ebe55e4ccca1098d7aac1a55,frax-frax,11841343173357279394808
308,ethereum,from,0x853d955acef822db058eb8505911ed77f175b99e,18.0,0x67f60b0891ebd842ebe55e4ccca1098d7aac1a55,2023-01-19 00:00:00.000 UTC,0x2796317b0ff8538f253012862c06787adfb8ceb6,frax-frax,40000000000000000000000
309,ethereum,from,0xdac17f958d2ee523a2206206994597c13d831ec7,6.0,0x67f60b0891ebd842ebe55e4ccca1098d7aac1a55,2022-12-13 00:00:00.000 UTC,0x1388a318b1c32c31356c7a64e76a5b02c78d5e94,usdt-tether,15000000000
310,ethereum,in,0x6b175474e89094c44da98b954eedeac495271d0f,18.0,0x1116898dda4015ed8ddefb84b6e8bc24528af2d8,2023-02-07 00:00:00.000 UTC,0x67f60b0891ebd842ebe55e4ccca1098d7aac1a55,dai-dai,1627640508862560903699
311,ethereum,from,0xdac17f958d2ee523a2206206994597c13d831ec7,6.0,0x67f60b0891ebd842ebe55e4ccca1098d7aac1a55,2022-08-10 00:00:00.000 UTC,0x008023b8d69ab99a7a225ae30d239ae9c8b0c29a,usdt-tether,16666000000
312,ethereum,from,0xdac17f958d2ee523a2206206994597c13d831ec7,6.0,0x67f60b0891ebd842ebe55e4ccca1098d7aac1a55,2022-09-19 00:00:00.000 UTC,0x300b929c3d13379fc3e556bfc5e4903ac0829dff,usdt-tether,20000000000
313,ethereum,from,0xdac17f958d2ee523a2206206994597c13d831ec7,6.0,0x67f60b0891ebd842ebe55e4ccca1098d7aac1a55,2022-12-13 00:00:00.000 UTC,0xffb57ddc67443637802015214e7267326dbfacb4,usdt-tether,12250000000
314,ethereum,from,0xdac17f958d2ee523a2206206994597c13d831ec7,6.0,0x67f60b0891ebd842ebe55e4ccca1098d7aac1a55,2022-08-15 00:00:00.000 UTC,0x2988ffede2af2b164dffe9821ed79a0d551c8545,usdt-tether,18750000000
315,ethereum,from,0xdac17f958d2ee523a2206206994597c13d831ec7,6.0,0x67f60b0891ebd842ebe55e4ccca1098d7aac1a55,2022-09-03 00:00:00.000 UTC,0x61552985442976ed85073150eac80b38e97ef955,usdt-tether,16666000000
316,ethereum,from,0xdac17f958d2ee523a2206206994597c13d831ec7,6.0,0x67f60b0891ebd842ebe55e4ccca1098d7aac1a55,2022-03-10 00:00:00.000 UTC,0x3416cf6c708da44db2624d63ea0aaef7113527c6,usdt-tether,52752567183
317,ethereum,from,0xdac17f958d2ee523a2206206994597c13d831ec7,6.0,0x67f60b0891ebd842ebe55e4ccca1098d7aac1a55,2022-09-06 00:00:00.000 UTC,0x8220f83d954c600d1408450febb9bce6d8a77c72,usdt-tether,12500000000
318,ethereum,from,0xdac17f958d2ee523a2206206994597c13d831ec7,6.0,0x67f60b0891ebd842ebe55e4ccca1098d7aac1a55,2022-07-13 00:00:00.000 UTC,0xd85e2ce060c52562df2a6b893b09c8ed78b2a9d8,usdt-tether,12500000000
319,ethereum,from,0xdac17f958d2ee523a2206206994597c13d831ec7,6.0,0x67f60b0891ebd842ebe55e4ccca1098d7aac1a55,2022-12-13 00:00:00.000 UTC,0xe16a782e71b5588e77418d76e5c588c436ed58ff,usdt-tether,15000000000
320,ethereum,from,0xdac17f958d2ee523a2206206994597c13d831ec7,6.0,0x67f60b0891ebd842ebe55e4ccca1098d7aac1a55,2022-05-09 00:00:00.000 UTC,0x3416cf6c708da44db2624d63ea0aaef7113527c6,usdt-tether,148455456303
321,ethereum,from,0xdac17f958d2ee523a2206206994597c13d831ec7,6.0,0x67f60b0891ebd842ebe55e4ccca1098d7aac1a55,2022-10-03 00:00:00.000 UTC,0x61552985442976ed85073150eac80b38e97ef955,usdt-tether,20000000000
322,ethereum,from,0xdac17f958d2ee523a2206206994597c13d831ec7,6.0,0x67f60b0891ebd842ebe55e4ccca1098d7aac1a55,2022-07-13 00:00:00.000 UTC,0x4344764b9ca7dc2e3cb086cf485c08415590c81d,usdt-tether,27500000000
323,ethereum,from,0xdac17f958d2ee523a2206206994597c13d831ec7,6.0,0x67f60b0891ebd842ebe55e4ccca1098d7aac1a55,2022-09-20 00:00:00.000 UTC,0x49585bb22952f8e9c6fa09875842ae4d644d9327,usdt-tether,1000000000
324,ethereum,from,0xdac17f958d2ee523a2206206994597c13d831ec7,6.0,0x67f60b0891ebd842ebe55e4ccca1098d7aac1a55,2022-01-20 00:00:00.000 UTC,0xb3dad3c24a861b84fdf380b212662620627d4e15,usdt-tether,5420657215
325,ethereum,from,0xdac17f958d2ee523a2206206994597c13d831ec7,6.0,0x67f60b0891ebd842ebe55e4ccca1098d7aac1a55,2021-11-12 00:00:00.000 UTC,0x11b815efb8f581194ae79006d24e0d814b7697f6,usdt-tether,21051829302
326,ethereum,from,0xdac17f958d2ee523a2206206994597c13d831ec7,6.0,0x67f60b0891ebd842ebe55e4ccca1098d7aac1a55,2022-07-24 00:00:00.000 UTC,0x2988ffede2af2b164dffe9821ed79a0d551c8545,usdt-tether,18750000000
327,ethereum,from,0xdac17f958d2ee523a2206206994597c13d831ec7,6.0,0x67f60b0891ebd842ebe55e4ccca1098d7aac1a55,2022-08-15 00:00:00.000 UTC,0xd85e2ce060c52562df2a6b893b09c8ed78b2a9d8,usdt-tether,12500000000
328,ethereum,from,0xdac17f958d2ee523a2206206994597c13d831ec7,6.0,0x67f60b0891ebd842ebe55e4ccca1098d7aac1a55,2022-09-06 00:00:00.000 UTC,0x4344764b9ca7dc2e3cb086cf485c08415590c81d,usdt-tether,32000000000
329,ethereum,in,0x6b175474e89094c44da98b954eedeac495271d0f,18.0,0x2796317b0ff8538f253012862c06787adfb8ceb6,2022-09-19 00:00:00.000 UTC,0x67f60b0891ebd842ebe55e4ccca1098d7aac1a55,dai-dai,5131017193041769679425
330,,in,0x6b175474e89094c44da98b954eedeac495271d0f,18.0,0x2796317b0ff8538f253012862c06787adfb8ceb6,2022-12-13 00:00:00.000 UTC,0x67f60b0891ebd842ebe55e4ccca1098d7aac1a55,dai-dai,2843969683618470541864
331,ethereum,in,0x6b175474e89094c44da98b954eedeac495271d0f,18.0,0x1116898dda4015ed8ddefb84b6e8bc24528af2d8,2021-11-12 00:00:00.000 UTC,0x67f60b0891ebd842ebe55e4ccca1098d7aac1a55,dai-dai,14494406243827144867039
332,,in,0x6b175474e89094c44da98b954eedeac495271d0f,18.0,0x1116898dda4015ed8ddefb84b6e8bc24528af2d8,2022-03-09 00:00:00.000 UTC,0x67f60b0891ebd842ebe55e4ccca1098d7aac1a55,dai-dai,37593437775075636122722
333,,in,0x6b175474e89094c44da98b954eedeac495271d0f,18.0,0x1116898dda4015ed8ddefb84b6e8bc24528af2d8,2022-02-23 00:00:00.000 UTC,0x67f60b0891ebd842ebe55e4ccca1098d7aac1a55,dai-dai,543109614933023849097401
334,ethereum,in,0x6b175474e89094c44da98b954eedeac495271d0f,18.0,0x1116898dda4015ed8ddefb84b6e8bc24528af2d8,2022-04-11 00:00:00.000 UTC,0x67f60b0891ebd842ebe55e4ccca1098d7aac1a55,dai-dai,353473949895384299467947
335,ethereum,in,0x6b175474e89094c44da98b954eedeac495271d0f,18.0,0x2796317b0ff8538f253012862c06787adfb8ceb6,2022-07-04 00:00:00.000 UTC,0x67f60b0891ebd842ebe55e4ccca1098d7aac1a55,dai-dai,808526500865917344490
336,,in,0x6b175474e89094c44da98b954eedeac495271d0f,18.0,0x2796317b0ff8538f253012862c06787adfb8ceb6,2023-06-29 00:00:00.000 UTC,0x67f60b0891ebd842ebe55e4ccca1098d7aac1a55,dai-dai,330000000000000000000
337,,in,0xea12642633b5cf03d9111efb13512d46502a7597,,0x0af91fa049a7e1894f480bfe5bba20142c6c29a9,2023-01-17 00:00:00.000 UTC,0x67f60b0891ebd842ebe55e4ccca1098d7aac1a55,,8000000000000000000000000
338,ethereum,in,0x6b175474e89094c44da98b954eedeac495271d0f,18.0,0x2796317b0ff8538f253012862c06787adfb8ceb6,2023-02-07 00:00:00.000 UTC,0x67f60b0891ebd842ebe55e4ccca1098d7aac1a55,dai-dai,994806928104317785317
339,,in,0x6b175474e89094c44da98b954eedeac495271d0f,18.0,0x1116898dda4015ed8ddefb84b6e8bc24528af2d8,2022-12-13 00:00:00.000 UTC,0x67f60b0891ebd842ebe55e4ccca1098d7aac1a55,dai-dai,31692732975912368311402
340,ethereum,in,0x6b175474e89094c44da98b954eedeac495271d0f,18.0,0x1116898dda4015ed8ddefb84b6e8bc24528af2d8,2021-11-25 00:00:00.000 UTC,0x67f60b0891ebd842ebe55e4ccca1098d7aac1a55,dai-dai,2862163858915608684442
341,ethereum,in,0x6b175474e89094c44da98b954eedeac495271d0f,18.0,0x1116898dda4015ed8ddefb84b6e8bc24528af2d8,2021-11-15 00:00:00.000 UTC,0x67f60b0891ebd842ebe55e4ccca1098d7aac1a55,dai-dai,337863570579832132652
342,ethereum,in,0x6b175474e89094c44da98b954eedeac495271d0f,18.0,0x1116898dda4015ed8ddefb84b6e8bc24528af2d8,2022-07-04 00:00:00.000 UTC,0x67f60b0891ebd842ebe55e4ccca1098d7aac1a55,dai-dai,93722778023153548831724
343,ethereum,from,0xdac17f958d2ee523a2206206994597c13d831ec7,6.0,0x67f60b0891ebd842ebe55e4ccca1098d7aac1a55,2022-08-22 00:00:00.000 UTC,0x348ee8db6fdd575fc52114e33286392b4dfa69f6,usdt-tether,45308600000
344,ethereum,from,0xdac17f958d2ee523a2206206994597c13d831ec7,6.0,0x67f60b0891ebd842ebe55e4ccca1098d7aac1a55,2022-05-10 00:00:00.000 UTC,0x348ee8db6fdd575fc52114e33286392b4dfa69f6,usdt-tether,52380000000
345,ethereum,from,0xdac17f958d2ee523a2206206994597c13d831ec7,6.0,0x67f60b0891ebd842ebe55e4ccca1098d7aac1a55,2023-01-19 00:00:00.000 UTC,0x0d745ad687f2b1e1941569f09f612f60ad4ad5bc,usdt-tether,29599428833
346,ethereum,from,0xdac17f958d2ee523a2206206994597c13d831ec7,6.0,0x67f60b0891ebd842ebe55e4ccca1098d7aac1a55,2022-08-01 00:00:00.000 UTC,0x2d2c027e0d1a899a1965910dd272bcae1cd03c22,usdt-tether,15000000000
347,ethereum,from,0xdac17f958d2ee523a2206206994597c13d831ec7,6.0,0x67f60b0891ebd842ebe55e4ccca1098d7aac1a55,2022-08-13 00:00:00.000 UTC,0xca7324b366f8dacf9716db2fd2981f855ef1823c,usdt-tether,22000000000
348,ethereum,from,0xdac17f958d2ee523a2206206994597c13d831ec7,6.0,0x67f60b0891ebd842ebe55e4ccca1098d7aac1a55,2022-09-19 00:00:00.000 UTC,0x9eaf1c1b77e87a46cfb6ecaf44da9cfb33c5469f,usdt-tether,11050000000
349,ethereum,from,0xdac17f958d2ee523a2206206994597c13d831ec7,6.0,0x67f60b0891ebd842ebe55e4ccca1098d7aac1a55,2022-08-24 00:00:00.000 UTC,0x4b23d742b303b03a764ae5fb29a4f06e57122105,usdt-tether,10200000000
350,ethereum,from,0xdac17f958d2ee523a2206206994597c13d831ec7,6.0,0x67f60b0891ebd842ebe55e4ccca1098d7aac1a55,2022-09-06 00:00:00.000 UTC,0x2988ffede2af2b164dffe9821ed79a0d551c8545,usdt-tether,18750000000
351,ethereum,from,0xdac17f958d2ee523a2206206994597c13d831ec7,6.0,0x67f60b0891ebd842ebe55e4ccca1098d7aac1a55,2022-08-22 00:00:00.000 UTC,0xffb57ddc67443637802015214e7267326dbfacb4,usdt-tether,12000000000
352,,in,0x0f2d719407fdbeff09d87557abb7232601fd9f29,18.0,0x0000000000000000000000000000000000000000,2023-01-06 00:00:00.000 UTC,0x67f60b0891ebd842ebe55e4ccca1098d7aac1a55,syn-synapse,200000000000000000000000
353,,in,0x0f2d719407fdbeff09d87557abb7232601fd9f29,18.0,0x0000000000000000000000000000000000000000,2023-01-19 00:00:00.000 UTC,0x67f60b0891ebd842ebe55e4ccca1098d7aac1a55,syn-synapse,300000000000000000000000
354,,from,0x0f2d719407fdbeff09d87557abb7232601fd9f29,18.0,0x67f60b0891ebd842ebe55e4ccca1098d7aac1a55,2023-01-06 00:00:00.000 UTC,0x0000000000000000000000000000000000000000,syn-synapse,100000000000000000000000
355,,in,0x0f2d719407fdbeff09d87557abb7232601fd9f29,18.0,0x2796317b0ff8538f253012862c06787adfb8ceb6,2021-10-24 00:00:00.000 UTC,0x67f60b0891ebd842ebe55e4ccca1098d7aac1a55,syn-synapse,87719066447989719155743
356,,in,0x0f2d719407fdbeff09d87557abb7232601fd9f29,18.0,0x76750e4d709cfa3577b75e1fb04a827867e9e6bb,2022-02-24 00:00:00.000 UTC,0x67f60b0891ebd842ebe55e4ccca1098d7aac1a55,syn-synapse,1534715948512208825183053
357,,in,0x0f2d719407fdbeff09d87557abb7232601fd9f29,18.0,0x76750e4d709cfa3577b75e1fb04a827867e9e6bb,2022-03-16 00:00:00.000 UTC,0x67f60b0891ebd842ebe55e4ccca1098d7aac1a55,syn-synapse,1541075794350399291958565
358,,in,0x0f2d719407fdbeff09d87557abb7232601fd9f29,18.0,0x0000000000000000000000000000000000000000,2023-04-28 00:00:00.000 UTC,0x67f60b0891ebd842ebe55e4ccca1098d7aac1a55,syn-synapse,300000000000000000000000
359,,in,0x0f2d719407fdbeff09d87557abb7232601fd9f29,18.0,0x0000000000000000000000000000000000000000,2023-05-15 00:00:00.000 UTC,0x67f60b0891ebd842ebe55e4ccca1098d7aac1a55,syn-synapse,200000000000000000000000
360,,in,0x0f2d719407fdbeff09d87557abb7232601fd9f29,18.0,0x2796317b0ff8538f253012862c06787adfb8ceb6,2022-02-18 00:00:00.000 UTC,0x67f60b0891ebd842ebe55e4ccca1098d7aac1a55,syn-synapse,5767277765454560764491
361,,in,0x0f2d719407fdbeff09d87557abb7232601fd9f29,18.0,0x0000000000000000000000000000000000000000,2023-01-06 00:00:00.000 UTC,0x67f60b0891ebd842ebe55e4ccca1098d7aac1a55,syn-synapse,100000000000000000000000
362,,in,0x0f2d719407fdbeff09d87557abb7232601fd9f29,18.0,0x0000000000000000000000000000000000000000,2023-03-28 00:00:00.000 UTC,0x67f60b0891ebd842ebe55e4ccca1098d7aac1a55,syn-synapse,200000000000000000000000
363,,in,0x0f2d719407fdbeff09d87557abb7232601fd9f29,18.0,0x2796317b0ff8538f253012862c06787adfb8ceb6,2022-02-02 00:00:00.000 UTC,0x67f60b0891ebd842ebe55e4ccca1098d7aac1a55,syn-synapse,4578071999743821942869
364,,in,0x0f2d719407fdbeff09d87557abb7232601fd9f29,18.0,0x2796317b0ff8538f253012862c06787adfb8ceb6,2022-04-29 00:00:00.000 UTC,0x67f60b0891ebd842ebe55e4ccca1098d7aac1a55,syn-synapse,3081038364741916755273
365,,in,0x0f2d719407fdbeff09d87557abb7232601fd9f29,18.0,0x0000000000000000000000000000000000000000,2021-12-07 00:00:00.000 UTC,0x67f60b0891ebd842ebe55e4ccca1098d7aac1a55,syn-synapse,250000000000000000000000
366,,in,0x0f2d719407fdbeff09d87557abb7232601fd9f29,18.0,0x0000000000000000000000000000000000000000,2023-03-05 00:00:00.000 UTC,0x67f60b0891ebd842ebe55e4ccca1098d7aac1a55,syn-synapse,300000000000000000000000
367,,in,0x0f2d719407fdbeff09d87557abb7232601fd9f29,18.0,0x0000000000000000000000000000000000000000,2023-06-06 00:00:00.000 UTC,0x67f60b0891ebd842ebe55e4ccca1098d7aac1a55,syn-synapse,1000000000000000000000000
368,,in,0x0f2d719407fdbeff09d87557abb7232601fd9f29,18.0,0xd85e2ce060c52562df2a6b893b09c8ed78b2a9d8,2022-09-07 00:00:00.000 UTC,0x67f60b0891ebd842ebe55e4ccca1098d7aac1a55,syn-synapse,20000000000000000000000
369,,from,0x0f2d719407fdbeff09d87557abb7232601fd9f29,18.0,0x67f60b0891ebd842ebe55e4ccca1098d7aac1a55,2023-04-28 00:00:00.000 UTC,0x0000000000000000000000000000000000000000,syn-synapse,300000000000000000000000
370,,from,0x0f2d719407fdbeff09d87557abb7232601fd9f29,18.0,0x67f60b0891ebd842ebe55e4ccca1098d7aac1a55,2023-02-07 00:00:00.000 UTC,0xd10ef2a513cee0db54e959ef16cac711470b62cf,syn-synapse,150000000000000000000000
371,,in,0x0f2d719407fdbeff09d87557abb7232601fd9f29,18.0,0x76750e4d709cfa3577b75e1fb04a827867e9e6bb,2022-02-24 00:00:00.000 UTC,0x67f60b0891ebd842ebe55e4ccca1098d7aac1a55,syn-synapse,1537156264897708520957565
372,,in,0x0f2d719407fdbeff09d87557abb7232601fd9f29,18.0,0x2796317b0ff8538f253012862c06787adfb8ceb6,2022-03-09 00:00:00.000 UTC,0x67f60b0891ebd842ebe55e4ccca1098d7aac1a55,syn-synapse,9470697726606634884506
373,,in,0x0f2d719407fdbeff09d87557abb7232601fd9f29,18.0,0x2796317b0ff8538f253012862c06787adfb8ceb6,2022-09-19 00:00:00.000 UTC,0x67f60b0891ebd842ebe55e4ccca1098d7aac1a55,syn-synapse,29088970324917210055626
374,,in,0x0f2d719407fdbeff09d87557abb7232601fd9f29,18.0,0x2796317b0ff8538f253012862c06787adfb8ceb6,2023-02-07 00:00:00.000 UTC,0x67f60b0891ebd842ebe55e4ccca1098d7aac1a55,syn-synapse,10644660563934657163214
375,,in,0x0f2d719407fdbeff09d87557abb7232601fd9f29,18.0,0x5f99880830fd4a6f3ff0c5371db57ddec57259e2,2022-12-13 00:00:00.000 UTC,0x67f60b0891ebd842ebe55e4ccca1098d7aac1a55,syn-synapse,14338197997220996078
376,,in,0x0f2d719407fdbeff09d87557abb7232601fd9f29,18.0,0x0000000000000000000000000000000000000000,2021-11-29 00:00:00.000 UTC,0x67f60b0891ebd842ebe55e4ccca1098d7aac1a55,syn-synapse,6000000000000000000000000
377,,in,0x0f2d719407fdbeff09d87557abb7232601fd9f29,18.0,0x0000000000000000000000000000000000000000,2022-03-18 00:00:00.000 UTC,0x67f60b0891ebd842ebe55e4ccca1098d7aac1a55,syn-synapse,300000000000000000000000
378,,in,0x0f2d719407fdbeff09d87557abb7232601fd9f29,18.0,0x0000000000000000000000000000000000000000,2022-03-21 00:00:00.000 UTC,0x67f60b0891ebd842ebe55e4ccca1098d7aac1a55,syn-synapse,2999999000000000000000000
379,,in,0x0f2d719407fdbeff09d87557abb7232601fd9f29,18.0,0x2796317b0ff8538f253012862c06787adfb8ceb6,2022-04-11 00:00:00.000 UTC,0x67f60b0891ebd842ebe55e4ccca1098d7aac1a55,syn-synapse,10431269892941229719992
380,,in,0x0f2d719407fdbeff09d87557abb7232601fd9f29,18.0,0x0000000000000000000000000000000000000000,2022-12-13 00:00:00.000 UTC,0x67f60b0891ebd842ebe55e4ccca1098d7aac1a55,syn-synapse,3000000000000000000000000
381,,in,0x0f2d719407fdbeff09d87557abb7232601fd9f29,18.0,0x0000000000000000000000000000000000000000,2021-09-30 00:00:00.000 UTC,0x67f60b0891ebd842ebe55e4ccca1098d7aac1a55,syn-synapse,2000000000000000000000000
382,,in,0x0f2d719407fdbeff09d87557abb7232601fd9f29,18.0,0x2796317b0ff8538f253012862c06787adfb8ceb6,2022-03-20 00:00:00.000 UTC,0x67f60b0891ebd842ebe55e4ccca1098d7aac1a55,syn-synapse,5962829298232665101744
383,,in,0x0f2d719407fdbeff09d87557abb7232601fd9f29,18.0,0x0000000000000000000000000000000000000000,2023-04-05 00:00:00.000 UTC,0x67f60b0891ebd842ebe55e4ccca1098d7aac1a55,syn-synapse,10000000000000000000000000
384,,in,0x0f2d719407fdbeff09d87557abb7232601fd9f29,18.0,0x2796317b0ff8538f253012862c06787adfb8ceb6,2022-12-13 00:00:00.000 UTC,0x67f60b0891ebd842ebe55e4ccca1098d7aac1a55,syn-synapse,12259247347218249511493
385,,in,0x0f2d719407fdbeff09d87557abb7232601fd9f29,18.0,0x2796317b0ff8538f253012862c06787adfb8ceb6,2023-06-29 00:00:00.000 UTC,0x67f60b0891ebd842ebe55e4ccca1098d7aac1a55,syn-synapse,25388486575986608148884
386,,from,0x0f2d719407fdbeff09d87557abb7232601fd9f29,18.0,0x67f60b0891ebd842ebe55e4ccca1098d7aac1a55,2022-12-13 00:00:00.000 UTC,0x8263393b57effbd75a76204a754dba9abd98e118,syn-synapse,680000000000000000000000
387,,from,0x0f2d719407fdbeff09d87557abb7232601fd9f29,18.0,0x67f60b0891ebd842ebe55e4ccca1098d7aac1a55,2021-11-29 00:00:00.000 UTC,0x76750e4d709cfa3577b75e1fb04a827867e9e6bb,syn-synapse,1500000000000000000000000
388,,from,0x0f2d719407fdbeff09d87557abb7232601fd9f29,18.0,0x67f60b0891ebd842ebe55e4ccca1098d7aac1a55,2022-09-06 00:00:00.000 UTC,0x4344764b9ca7dc2e3cb086cf485c08415590c81d,syn-synapse,18000000000000000000000
389,,from,0x0f2d719407fdbeff09d87557abb7232601fd9f29,18.0,0x67f60b0891ebd842ebe55e4ccca1098d7aac1a55,2022-06-02 00:00:00.000 UTC,0x2d2c027e0d1a899a1965910dd272bcae1cd03c22,syn-synapse,8100000000000000000000
390,,from,0x0f2d719407fdbeff09d87557abb7232601fd9f29,18.0,0x67f60b0891ebd842ebe55e4ccca1098d7aac1a55,2022-01-20 00:00:00.000 UTC,0x589e9e775ef3ab93e7879fa3d9674e80b51881df,syn-synapse,15000000000000000000000
391,,in,0x0f2d719407fdbeff09d87557abb7232601fd9f29,18.0,0x2796317b0ff8538f253012862c06787adfb8ceb6,2022-01-20 00:00:00.000 UTC,0x67f60b0891ebd842ebe55e4ccca1098d7aac1a55,syn-synapse,55456724740307333064692
392,,from,0x0f2d719407fdbeff09d87557abb7232601fd9f29,18.0,0x67f60b0891ebd842ebe55e4ccca1098d7aac1a55,2022-07-04 00:00:00.000 UTC,0x7db280ba0fd96619d55cd18270435a41e25948a4,syn-synapse,1500000000000000000000
393,,from,0x0f2d719407fdbeff09d87557abb7232601fd9f29,18.0,0x67f60b0891ebd842ebe55e4ccca1098d7aac1a55,2022-03-16 00:00:00.000 UTC,0x7eba8a9cacb4bfbf7e1258b402a8e7aa004ed9fd,syn-synapse,1541075000000000000000000
394,,from,0x0f2d719407fdbeff09d87557abb7232601fd9f29,18.0,0x67f60b0891ebd842ebe55e4ccca1098d7aac1a55,2021-12-07 00:00:00.000 UTC,0xd10ef2a513cee0db54e959ef16cac711470b62cf,syn-synapse,100000000000000000000000
395,,from,0x0f2d719407fdbeff09d87557abb7232601fd9f29,18.0,0x67f60b0891ebd842ebe55e4ccca1098d7aac1a55,2021-10-08 00:00:00.000 UTC,0x0000000000000000000000000000000000000000,syn-synapse,200000000000000000000000
396,,from,0x0f2d719407fdbeff09d87557abb7232601fd9f29,18.0,0x67f60b0891ebd842ebe55e4ccca1098d7aac1a55,2023-01-06 00:00:00.000 UTC,0x0000000000000000000000000000000000000000,syn-synapse,200000000000000000000000
397,,from,0x0f2d719407fdbeff09d87557abb7232601fd9f29,18.0,0x67f60b0891ebd842ebe55e4ccca1098d7aac1a55,2023-04-06 00:00:00.000 UTC,0x2a6eaf352a384f9e261e76d57d98ba1a87e7a9fd,syn-synapse,13650000000000000000000
398,,from,0x0f2d719407fdbeff09d87557abb7232601fd9f29,18.0,0x67f60b0891ebd842ebe55e4ccca1098d7aac1a55,2023-06-06 00:00:00.000 UTC,0x2ea8cdc7d8e8ff3da731e1a3d93a23f4758c6600,syn-synapse,1000000000000000000000000
399,,from,0x0f2d719407fdbeff09d87557abb7232601fd9f29,18.0,0x67f60b0891ebd842ebe55e4ccca1098d7aac1a55,2023-03-05 00:00:00.000 UTC,0xd10ef2a513cee0db54e959ef16cac711470b62cf,syn-synapse,300000000000000000000000
400,,from,0x0f2d719407fdbeff09d87557abb7232601fd9f29,18.0,0x67f60b0891ebd842ebe55e4ccca1098d7aac1a55,2023-04-17 00:00:00.000 UTC,0x0d745ad687f2b1e1941569f09f612f60ad4ad5bc,syn-synapse,140000000000000000000000
401,,from,0x0f2d719407fdbeff09d87557abb7232601fd9f29,18.0,0x67f60b0891ebd842ebe55e4ccca1098d7aac1a55,2022-11-03 00:00:00.000 UTC,0x137be56f76c928aa940b4acb06a84a6d61cd25c9,syn-synapse,9000000000000000000000
402,,from,0x0f2d719407fdbeff09d87557abb7232601fd9f29,18.0,0x67f60b0891ebd842ebe55e4ccca1098d7aac1a55,2023-01-19 00:00:00.000 UTC,0xd10ef2a513cee0db54e959ef16cac711470b62cf,syn-synapse,300000000000000000000000
403,,from,0x0f2d719407fdbeff09d87557abb7232601fd9f29,18.0,0x67f60b0891ebd842ebe55e4ccca1098d7aac1a55,2022-12-13 00:00:00.000 UTC,0x0000000000000000000000000000000000000000,syn-synapse,100000000000000000000000
404,,from,0x0f2d719407fdbeff09d87557abb7232601fd9f29,18.0,0x67f60b0891ebd842ebe55e4ccca1098d7aac1a55,2022-12-13 00:00:00.000 UTC,0x2a6eaf352a384f9e261e76d57d98ba1a87e7a9fd,syn-synapse,20000000000000000000000
405,,from,0x0f2d719407fdbeff09d87557abb7232601fd9f29,18.0,0x67f60b0891ebd842ebe55e4ccca1098d7aac1a55,2022-07-05 00:00:00.000 UTC,0x1454b942e35f3796b66e72f16313816c5b30b1ba,syn-synapse,6070000000000000000000
406,,from,0x0f2d719407fdbeff09d87557abb7232601fd9f29,18.0,0x67f60b0891ebd842ebe55e4ccca1098d7aac1a55,2021-09-30 00:00:00.000 UTC,0x0000000000000000000000000000000000000000,syn-synapse,400000000000000000000000
407,,from,0x0f2d719407fdbeff09d87557abb7232601fd9f29,18.0,0x67f60b0891ebd842ebe55e4ccca1098d7aac1a55,2022-10-02 00:00:00.000 UTC,0x8220f83d954c600d1408450febb9bce6d8a77c72,syn-synapse,20000000000000000000000
408,,from,0x0f2d719407fdbeff09d87557abb7232601fd9f29,18.0,0x67f60b0891ebd842ebe55e4ccca1098d7aac1a55,2022-11-15 00:00:00.000 UTC,0xa59b056eba7246be4e81d019af0a8a29c79241e8,syn-synapse,30000000000000000000000
409,,from,0x0f2d719407fdbeff09d87557abb7232601fd9f29,18.0,0x67f60b0891ebd842ebe55e4ccca1098d7aac1a55,2021-09-30 00:00:00.000 UTC,0xd10ef2a513cee0db54e959ef16cac711470b62cf,syn-synapse,500000000000000000000000
410,,from,0x0f2d719407fdbeff09d87557abb7232601fd9f29,18.0,0x67f60b0891ebd842ebe55e4ccca1098d7aac1a55,2021-10-16 00:00:00.000 UTC,0x235af07e770f474d24f5bf73074735892371b40d,syn-synapse,250000000000000000000000
411,,from,0x0f2d719407fdbeff09d87557abb7232601fd9f29,18.0,0x67f60b0891ebd842ebe55e4ccca1098d7aac1a55,2021-11-15 00:00:00.000 UTC,0x0af91fa049a7e1894f480bfe5bba20142c6c29a9,syn-synapse,50000000000000000000000
412,,from,0x0f2d719407fdbeff09d87557abb7232601fd9f29,18.0,0x67f60b0891ebd842ebe55e4ccca1098d7aac1a55,2023-05-15 00:00:00.000 UTC,0x0d745ad687f2b1e1941569f09f612f60ad4ad5bc,syn-synapse,140000000000000000000000
413,,from,0x0f2d719407fdbeff09d87557abb7232601fd9f29,18.0,0x67f60b0891ebd842ebe55e4ccca1098d7aac1a55,2023-02-23 00:00:00.000 UTC,0xd10ef2a513cee0db54e959ef16cac711470b62cf,syn-synapse,300000000000000000000000
414,ethereum,from,0x0f2d719407fdbeff09d87557abb7232601fd9f29,18.0,0x67f60b0891ebd842ebe55e4ccca1098d7aac1a55,2022-08-01 00:00:00.000 UTC,0xe52f5349153b8eb3b89675af45ac7502c4997e6a,syn-synapse,42300000000000000000000
415,,from,0x0f2d719407fdbeff09d87557abb7232601fd9f29,18.0,0x67f60b0891ebd842ebe55e4ccca1098d7aac1a55,2022-09-06 00:00:00.000 UTC,0x8220f83d954c600d1408450febb9bce6d8a77c72,syn-synapse,8333000000000000000000
416,,from,0x0f2d719407fdbeff09d87557abb7232601fd9f29,18.0,0x67f60b0891ebd842ebe55e4ccca1098d7aac1a55,2022-03-21 00:00:00.000 UTC,0x356b82ad1ca1a924b2e3fd30440117bdfd69b4d1,syn-synapse,1000000000000000000
417,,from,0x0f2d719407fdbeff09d87557abb7232601fd9f29,18.0,0x67f60b0891ebd842ebe55e4ccca1098d7aac1a55,2021-10-02 00:00:00.000 UTC,0x0000000000000000000000000000000000000000,syn-synapse,300000000000000000000000
418,,from,0x0f2d719407fdbeff09d87557abb7232601fd9f29,18.0,0x67f60b0891ebd842ebe55e4ccca1098d7aac1a55,2022-03-21 00:00:00.000 UTC,0x356b82ad1ca1a924b2e3fd30440117bdfd69b4d1,syn-synapse,2999999000000000000000000
419,,from,0x0f2d719407fdbeff09d87557abb7232601fd9f29,18.0,0x67f60b0891ebd842ebe55e4ccca1098d7aac1a55,2022-11-15 00:00:00.000 UTC,0x42d131181b40461c0d067210a220c0652f83d2a6,syn-synapse,70000000000000000000000
420,,from,0x0f2d719407fdbeff09d87557abb7232601fd9f29,18.0,0x67f60b0891ebd842ebe55e4ccca1098d7aac1a55,2022-10-07 00:00:00.000 UTC,0x6d955a7b65646a7425efd4a3f5a2f1011e77c2af,syn-synapse,50000000000000000000000
421,,from,0x0f2d719407fdbeff09d87557abb7232601fd9f29,18.0,0x67f60b0891ebd842ebe55e4ccca1098d7aac1a55,2021-10-04 00:00:00.000 UTC,0x0000000000000000000000000000000000000000,syn-synapse,200000000000000000000000
422,,from,0x0f2d719407fdbeff09d87557abb7232601fd9f29,18.0,0x67f60b0891ebd842ebe55e4ccca1098d7aac1a55,2022-08-20 00:00:00.000 UTC,0xd85e2ce060c52562df2a6b893b09c8ed78b2a9d8,syn-synapse,16666000000000000000000
423,,from,0x0f2d719407fdbeff09d87557abb7232601fd9f29,18.0,0x67f60b0891ebd842ebe55e4ccca1098d7aac1a55,2023-04-05 00:00:00.000 UTC,0x450f82319f940936f1f4f253b468c3e6e566cdd5,syn-synapse,10000000000000000000000000
424,,from,0x0f2d719407fdbeff09d87557abb7232601fd9f29,18.0,0x67f60b0891ebd842ebe55e4ccca1098d7aac1a55,2022-08-22 00:00:00.000 UTC,0x2a6eaf352a384f9e261e76d57d98ba1a87e7a9fd,syn-synapse,11220000000000000000000
425,,from,0x0f2d719407fdbeff09d87557abb7232601fd9f29,18.0,0x67f60b0891ebd842ebe55e4ccca1098d7aac1a55,2022-02-24 00:00:00.000 UTC,0x7eba8a9cacb4bfbf7e1258b402a8e7aa004ed9fd,syn-synapse,4606960540000000000000000
426,,from,0x0f2d719407fdbeff09d87557abb7232601fd9f29,18.0,0x67f60b0891ebd842ebe55e4ccca1098d7aac1a55,2023-03-05 00:00:00.000 UTC,0x0000000000000000000000000000000000000000,syn-synapse,300000000000000000000000
427,,from,0x0f2d719407fdbeff09d87557abb7232601fd9f29,18.0,0x67f60b0891ebd842ebe55e4ccca1098d7aac1a55,2023-05-15 00:00:00.000 UTC,0xd10ef2a513cee0db54e959ef16cac711470b62cf,syn-synapse,200000000000000000000000
428,,from,0x0f2d719407fdbeff09d87557abb7232601fd9f29,18.0,0x67f60b0891ebd842ebe55e4ccca1098d7aac1a55,2022-03-18 00:00:00.000 UTC,0x0af91fa049a7e1894f480bfe5bba20142c6c29a9,syn-synapse,100000000000000000000000
429,,from,0x0f2d719407fdbeff09d87557abb7232601fd9f29,18.0,0x67f60b0891ebd842ebe55e4ccca1098d7aac1a55,2021-10-22 00:00:00.000 UTC,0x42980e3e602178354e065723d9652bef79ae3673,syn-synapse,150000000000000000000000
430,,from,0x0f2d719407fdbeff09d87557abb7232601fd9f29,18.0,0x67f60b0891ebd842ebe55e4ccca1098d7aac1a55,2022-12-13 00:00:00.000 UTC,0x0000000000000000000000000000000000000000,syn-synapse,200000000000000000000000
431,,from,0x0f2d719407fdbeff09d87557abb7232601fd9f29,18.0,0x67f60b0891ebd842ebe55e4ccca1098d7aac1a55,2023-04-28 00:00:00.000 UTC,0x0000000000000000000000000000000000000000,syn-synapse,200000000000000000000000
432,,from,0x0f2d719407fdbeff09d87557abb7232601fd9f29,18.0,0x67f60b0891ebd842ebe55e4ccca1098d7aac1a55,2023-03-20 00:00:00.000 UTC,0x0d745ad687f2b1e1941569f09f612f60ad4ad5bc,syn-synapse,70000000000000000000000
433,,from,0x0f2d719407fdbeff09d87557abb7232601fd9f29,18.0,0x67f60b0891ebd842ebe55e4ccca1098d7aac1a55,2022-02-27 00:00:00.000 UTC,0xb3dad3c24a861b84fdf380b212662620627d4e15,syn-synapse,200000000000000000000
434,,from,0x0f2d719407fdbeff09d87557abb7232601fd9f29,18.0,0x67f60b0891ebd842ebe55e4ccca1098d7aac1a55,2021-12-07 00:00:00.000 UTC,0x5f99880830fd4a6f3ff0c5371db57ddec57259e2,syn-synapse,150000000000000000000000
435,,from,0x0f2d719407fdbeff09d87557abb7232601fd9f29,18.0,0x67f60b0891ebd842ebe55e4ccca1098d7aac1a55,2022-12-13 00:00:00.000 UTC,0xd10ef2a513cee0db54e959ef16cac711470b62cf,syn-synapse,300000000000000000000000
436,,from,0x0f2d719407fdbeff09d87557abb7232601fd9f29,18.0,0x67f60b0891ebd842ebe55e4ccca1098d7aac1a55,2023-03-28 00:00:00.000 UTC,0x450f82319f940936f1f4f253b468c3e6e566cdd5,syn-synapse,1000000000000000000
437,,from,0x0f2d719407fdbeff09d87557abb7232601fd9f29,18.0,0x67f60b0891ebd842ebe55e4ccca1098d7aac1a55,2022-04-01 00:00:00.000 UTC,0x2d2c027e0d1a899a1965910dd272bcae1cd03c22,syn-synapse,4100000000000000000000
438,,from,0x0f2d719407fdbeff09d87557abb7232601fd9f29,18.0,0x67f60b0891ebd842ebe55e4ccca1098d7aac1a55,2023-02-07 00:00:00.000 UTC,0x0000000000000000000000000000000000000000,syn-synapse,200000000000000000000000
439,,from,0x0f2d719407fdbeff09d87557abb7232601fd9f29,18.0,0x67f60b0891ebd842ebe55e4ccca1098d7aac1a55,2023-03-28 00:00:00.000 UTC,0x0000000000000000000000000000000000000000,syn-synapse,200000000000000000000000
440,,in,0x0f2d719407fdbeff09d87557abb7232601fd9f29,18.0,0x76750e4d709cfa3577b75e1fb04a827867e9e6bb,2022-02-24 00:00:00.000 UTC,0x67f60b0891ebd842ebe55e4ccca1098d7aac1a55,syn-synapse,1535088321772676502069779
441,ethereum,in,0xdac17f958d2ee523a2206206994597c13d831ec7,6.0,0x2796317b0ff8538f253012862c06787adfb8ceb6,2023-02-07 00:00:00.000 UTC,0x67f60b0891ebd842ebe55e4ccca1098d7aac1a55,usdt-tether,2316605428
442,,in,0x1a7e4e63778b4f12a199c062f3efdd288afcbce8,18.0,0x2796317b0ff8538f253012862c06787adfb8ceb6,2023-02-07 00:00:00.000 UTC,0x67f60b0891ebd842ebe55e4ccca1098d7aac1a55,ageur-ageur,74097604315264198742
443,ethereum,in,0xdac17f958d2ee523a2206206994597c13d831ec7,6.0,0x1116898dda4015ed8ddefb84b6e8bc24528af2d8,2022-07-04 00:00:00.000 UTC,0x67f60b0891ebd842ebe55e4ccca1098d7aac1a55,usdt-tether,331498059134
444,ethereum,in,0xdac17f958d2ee523a2206206994597c13d831ec7,6.0,0x2796317b0ff8538f253012862c06787adfb8ceb6,2022-07-04 00:00:00.000 UTC,0x67f60b0891ebd842ebe55e4ccca1098d7aac1a55,usdt-tether,1171496701
445,,in,0xb753428af26e81097e7fd17f40c88aaa3e04902c,18.0,0x2796317b0ff8538f253012862c06787adfb8ceb6,2022-09-19 00:00:00.000 UTC,0x67f60b0891ebd842ebe55e4ccca1098d7aac1a55,sfi-saffronfinance,1400000000000000000
446,,in,0xb753428af26e81097e7fd17f40c88aaa3e04902c,18.0,0x2796317b0ff8538f253012862c06787adfb8ceb6,2022-04-29 00:00:00.000 UTC,0x67f60b0891ebd842ebe55e4ccca1098d7aac1a55,sfi-saffronfinance,350000000000000000
447,ethereum,in,0xdac17f958d2ee523a2206206994597c13d831ec7,6.0,0x2796317b0ff8538f253012862c06787adfb8ceb6,2022-09-19 00:00:00.000 UTC,0x67f60b0891ebd842ebe55e4ccca1098d7aac1a55,usdt-tether,9049955574
448,,in,0x73968b9a57c6e53d41345fd57a6e6ae27d6cdb2f,,0x2796317b0ff8538f253012862c06787adfb8ceb6,2022-04-11 00:00:00.000 UTC,0x67f60b0891ebd842ebe55e4ccca1098d7aac1a55,,30000000000000000000
449,ethereum,in,0xdac17f958d2ee523a2206206994597c13d831ec7,6.0,0x1116898dda4015ed8ddefb84b6e8bc24528af2d8,2022-03-09 00:00:00.000 UTC,0x67f60b0891ebd842ebe55e4ccca1098d7aac1a55,usdt-tether,52752567183
450,,in,0x1a7e4e63778b4f12a199c062f3efdd288afcbce8,18.0,0x2796317b0ff8538f253012862c06787adfb8ceb6,2022-12-13 00:00:00.000 UTC,0x67f60b0891ebd842ebe55e4ccca1098d7aac1a55,ageur-ageur,12000000000000000000
451,,in,0x73968b9a57c6e53d41345fd57a6e6ae27d6cdb2f,,0x2796317b0ff8538f253012862c06787adfb8ceb6,2022-04-29 00:00:00.000 UTC,0x67f60b0891ebd842ebe55e4ccca1098d7aac1a55,,60000000000000000000
452,ethereum,in,0xdac17f958d2ee523a2206206994597c13d831ec7,6.0,0x2796317b0ff8538f253012862c06787adfb8ceb6,2022-12-13 00:00:00.000 UTC,0x67f60b0891ebd842ebe55e4ccca1098d7aac1a55,usdt-tether,5958482084
453,ethereum,in,0xdac17f958d2ee523a2206206994597c13d831ec7,6.0,0x1116898dda4015ed8ddefb84b6e8bc24528af2d8,2022-05-09 00:00:00.000 UTC,0x67f60b0891ebd842ebe55e4ccca1098d7aac1a55,usdt-tether,148455456303
454,,in,0x73968b9a57c6e53d41345fd57a6e6ae27d6cdb2f,,0x2796317b0ff8538f253012862c06787adfb8ceb6,2022-09-19 00:00:00.000 UTC,0x67f60b0891ebd842ebe55e4ccca1098d7aac1a55,,5250000000000000000000
455,ethereum,in,0xdac17f958d2ee523a2206206994597c13d831ec7,6.0,0x1116898dda4015ed8ddefb84b6e8bc24528af2d8,2021-11-12 00:00:00.000 UTC,0x67f60b0891ebd842ebe55e4ccca1098d7aac1a55,usdt-tether,21051829302
456,,in,0x070c0147884d7cf984afbc2eb6f3428a39b5e229,,0xb85a676965436e65f9b878c94cc4f5b53b96586e,2022-09-22 00:00:00.000 UTC,0x67f60b0891ebd842ebe55e4ccca1098d7aac1a55,,389636000000000000000000
457,ethereum,in,0xdac17f958d2ee523a2206206994597c13d831ec7,6.0,0x1116898dda4015ed8ddefb84b6e8bc24528af2d8,2021-11-15 00:00:00.000 UTC,0x67f60b0891ebd842ebe55e4ccca1098d7aac1a55,usdt-tether,550569664
458,ethereum,in,0xdac17f958d2ee523a2206206994597c13d831ec7,6.0,0x1116898dda4015ed8ddefb84b6e8bc24528af2d8,2021-11-25 00:00:00.000 UTC,0x67f60b0891ebd842ebe55e4ccca1098d7aac1a55,usdt-tether,4870087551
459,,in,0x1a7e4e63778b4f12a199c062f3efdd288afcbce8,18.0,0x2796317b0ff8538f253012862c06787adfb8ceb6,2023-06-29 00:00:00.000 UTC,0x67f60b0891ebd842ebe55e4ccca1098d7aac1a55,ageur-ageur,12000000000000000000
460,ethereum,in,0xdac17f958d2ee523a2206206994597c13d831ec7,6.0,0x2796317b0ff8538f253012862c06787adfb8ceb6,2023-06-29 00:00:00.000 UTC,0x67f60b0891ebd842ebe55e4ccca1098d7aac1a55,usdt-tether,922803264
461,,in,0x1a7e4e63778b4f12a199c062f3efdd288afcbce8,18.0,0x2796317b0ff8538f253012862c06787adfb8ceb6,2022-09-19 00:00:00.000 UTC,0x67f60b0891ebd842ebe55e4ccca1098d7aac1a55,ageur-ageur,60000000000000000000
462,,in,0x73968b9a57c6e53d41345fd57a6e6ae27d6cdb2f,,0x2796317b0ff8538f253012862c06787adfb8ceb6,2022-12-13 00:00:00.000 UTC,0x67f60b0891ebd842ebe55e4ccca1098d7aac1a55,,573515823971351254841
463,ethereum,in,0xdac17f958d2ee523a2206206994597c13d831ec7,6.0,0x1116898dda4015ed8ddefb84b6e8bc24528af2d8,2022-05-10 00:00:00.000 UTC,0x67f60b0891ebd842ebe55e4ccca1098d7aac1a55,usdt-tether,60078553761
464,ethereum,in,0xdac17f958d2ee523a2206206994597c13d831ec7,6.0,0x1116898dda4015ed8ddefb84b6e8bc24528af2d8,2023-02-07 00:00:00.000 UTC,0x67f60b0891ebd842ebe55e4ccca1098d7aac1a55,usdt-tether,3533539763
465,ethereum,in,0xdac17f958d2ee523a2206206994597c13d831ec7,6.0,0x1116898dda4015ed8ddefb84b6e8bc24528af2d8,2022-12-13 00:00:00.000 UTC,0x67f60b0891ebd842ebe55e4ccca1098d7aac1a55,usdt-tether,59613481579
